{"stats":{"minecraft:dropped":{"minecraft:birch_planks":20,"minecraft:coal":36,"minecraft:poppy":1,"luminousworld:groundpebbles_1":1},"minecraft:crafted":{"minecraft:oak_door":3,"minecraft:oak_planks":52,"minecraft:stone_shovel":9,"vanillaplustools:stone_hammer":2,"minecraft:furnace":2,"minecraft:iron_boots":1,"minecraft:iron_axe":1,"minecraft:stone_pickaxe":22,"vanillaplustools:stone_shovel":1,"quark:spruce_chest":1,"minecraft:wheat":54,"iceandfire:silver_ingot":6,"minecraft:crafting_table":3,"minecraft:spruce_planks":28,"minecraft:wooden_pickaxe":1,"minecraft:iron_sword":1,"minecraft:birch_planks":24,"minecraft:stone_axe":1,"minecraft:bread":31,"minecraft:air":0,"minecraft:iron_chestplate":1,"minecraft:birch_fence":3,"minecraft:stick":92,"quark:oak_chest":2,"minecraft:iron_ingot":26,"minecraft:iron_pickaxe":1,"minecraft:wooden_axe":1,"minecraft:stone_sword":1,"minecraft:iron_shovel":2,"minecraft:acacia_planks":76,"minecraft:torch":48,"luminousworld:baobab_plank":32},"minecraft:broken":{"minecraft:iron_shovel":1,"minecraft:wooden_pickaxe":1,"minecraft:stone_pickaxe":4,"vanillaplustools:stone_hammer":1},"minecraft:killed":{"minecraft:cave_spider":1,"minecraft:witch":1,"undead_revamp2:thesmoker":1,"minecraft:zombie":4,"alexsmobs:terrapin":1},"minecraft:used":{"minecraft:stone_sword":19,"minecraft:iron_shovel":453,"minecraft:iron_sword":35,"vanillaplustools:stone_hammer":186,"minecraft:oak_door":3,"minecraft:torch":51,"minecraft:dirt":82,"minecraft:white_carpet":6,"minecraft:wooden_axe":30,"quark:spruce_chest":1,"minecraft:iron_axe":22,"minecraft:furnace":3,"tombstone:gift":1,"minecraft:acacia_planks":69,"minecraft:cobbled_deepslate":215,"minecraft:diorite":5,"minecraft:stone_pickaxe":524,"minecraft:wooden_pickaxe":61,"minecraft:redstone_block":1,"luminousworld:baobab_plank":33,"minecraft:crafting_table":5,"vanillaplustools:stone_shovel":50,"minecraft:white_bed":2,"minecraft:bread":19,"minecraft:iron_pickaxe":102,"minecraft:golden_leggings":1,"minecraft:golden_helmet":1,"minecraft:stone_axe":21,"minecraft:cobblestone":533,"quark:oak_chest":2},"minecraft:picked_up":{"luminousworld:groundpebbles_1":17,"minecraft:crafting_table":2,"minecraft:wheat":9,"minecraft:redstone_block":1,"luminousworld:bao_bob_wood":1,"born_in_chaos_v1:black_argillite":17,"minecraft:string":3,"minecraft:raw_copper":15,"minecraft:white_carpet":6,"minecraft:cobbled_deepslate":1396,"minecraft:poppy":4,"minecraft:furnace":1,"minecraft:raw_iron":17,"minecraft:acacia_log":19,"minecraft:torch":3,"minecraft:diorite":5,"minecraft:carrot":3,"minecraft:redstone":22,"luminousworld:baobab_plank":1,"quark:ancient_tome":1,"minecraft:rotten_flesh":7,"minecraft:hay_block":6,"minecraft:iron_block":1,"minecraft:cobblestone":653,"minecraft:bone_block":21,"minecraft:birch_log":6,"minecraft:andesite":29,"luminousworld:ishstone":32,"minecraft:birch_planks":20,"minecraft:tuff":74,"minecraft:oak_log":13,"minecraft:lapis_lazuli":20,"minecraft:dirt":801,"minecraft:bone":4,"minecraft:wheat_seeds":15,"minecraft:raw_gold":12,"minecraft:oak_planks":1,"minecraft:dandelion":1,"minecraft:spruce_sapling":2,"minecraft:white_bed":2,"minecraft:spruce_log":7,"minecraft:spider_eye":2,"minecraft:infested_stone_bricks":19,"minecraft:slime_ball":5,"minecraft:diamond":9,"minecraft:granite":22,"luminousworld:bao_bob_log":7,"minecraft:coal":81,"iceandfire:raw_silver":6},"minecraft:killed_by":{"undead_revamp2:thepregnant":2},"minecraft:custom":{"minecraft:interact_with_smithing_table":1,"minecraft:mob_kills":8,"minecraft:interact_with_crafting_table":30,"minecraft:open_barrel":2,"minecraft:leave_game":10,"minecraft:time_since_death":121430,"minecraft:climb_one_cm":2563,"minecraft:sprint_one_cm":175563,"minecraft:walk_one_cm":468570,"minecraft:drop":4,"minecraft:play_time":153578,"minecraft:deaths":3,"minecraft:sneak_time":6849,"minecraft:walk_under_water_one_cm":5585,"minecraft:jump":1520,"minecraft:walk_on_water_one_cm":885,"minecraft:total_world_time":153578,"minecraft:interact_with_furnace":7,"tombstone:raider_killed":1,"minecraft:sleep_in_bed":9,"minecraft:time_since_rest":15631,"minecraft:damage_taken":1354,"minecraft:damage_dealt":1604,"minecraft:fly_one_cm":192320,"minecraft:open_chest":38,"minecraft:crouch_one_cm":32145,"tombstone:undead_killed":5,"minecraft:interact_with_smoker":1,"minecraft:fall_one_cm":14590},"minecraft:mined":{"luminousworld:groundpebbles_1":8,"minecraft:tuff":74,"minecraft:white_bed":2,"iceandfire:silver_ore":6,"luminousworld:grassvariant_4":1,"minecraft:deepslate_diamond_ore":9,"minecraft:granite":22,"minecraft:acacia_log":19,"luminousworld:bao_bob_wood":1,"minecraft:grass_block":635,"born_in_chaos_v1:black_argillite":17,"luminousworld:baobab_plank":1,"minecraft:spruce_leaves":15,"minecraft:hay_block":6,"minecraft:furnace":1,"minecraft:iron_ore":11,"minecraft:cobbled_deepslate":4,"minecraft:fire":2,"minecraft:andesite":29,"minecraft:deepslate_lapis_ore":3,"minecraft:deepslate_iron_ore":6,"luminousworld:groundpebbles_2":1,"minecraft:stone":632,"minecraft:iron_block":1,"minecraft:deepslate_redstone_ore":5,"minecraft:acacia_leaves":2,"minecraft:redstone_block":1,"minecraft:crafting_table":2,"minecraft:poppy":2,"minecraft:copper_ore":1,"minecraft:cobblestone":5,"minecraft:deepslate_gold_ore":7,"minecraft:diorite":5,"minecraft:wall_torch":1,"minecraft:deepslate_copper_ore":3,"minecraft:birch_log":6,"minecraft:white_carpet":6,"minecraft:spruce_log":7,"luminousworld:bao_bob_log":7,"minecraft:grass":6,"minecraft:oak_log":13,"minecraft:coal_ore":45,"luminousworld:ishstone":32,"minecraft:dirt":168,"minecraft:cobweb":2,"luminousworld:savannah_grass_4":1,"minecraft:oak_leaves":7,"minecraft:deepslate":1391}},"DataVersion":3465}