{"stats":{"minecraft:killed":{"minecraft:cave_spider":1,"minecraft:witch":1,"undead_revamp2:thesmoker":1,"enemyexpansion:direwolf":2,"born_in_chaos_v1:maggot":3,"minecraft:skeleton":1,"minecraft:silverfish":3,"undead_revamp2:sucker":1,"born_in_chaos_v1:barrel_zombie":1,"undead_revamp2:the_moonflower":1,"born_in_chaos_v1:decrepit_skeleton":1,"minecraft:sheep":2,"minecraft:zombie":5,"iceandfire:ghost":5,"alexsmobs:terrapin":1,"enemyexpansion:huntsman":1},"minecraft:killed_by":{"minecraft:player":1,"enemyexpansion:huntsman":1,"minecraft:skeleton":1,"iceandfire:ghost":11,"undead_revamp2:thepregnant":2},"minecraft:custom":{"minecraft:interact_with_smithing_table":1,"minecraft:mob_kills":30,"minecraft:interact_with_crafting_table":44,"minecraft:open_barrel":2,"minecraft:damage_dealt_resisted":4,"minecraft:leave_game":13,"minecraft:time_since_death":2777,"minecraft:climb_one_cm":9740,"minecraft:sprint_one_cm":463716,"minecraft:walk_one_cm":1078193,"minecraft:damage_blocked_by_shield":900,"minecraft:drop":16,"minecraft:play_time":363809,"minecraft:deaths":17,"minecraft:sneak_time":12105,"minecraft:walk_under_water_one_cm":12197,"minecraft:interact_with_brewingstand":1,"minecraft:jump":4088,"minecraft:walk_on_water_one_cm":15558,"minecraft:total_world_time":363809,"minecraft:interact_with_furnace":18,"tombstone:raider_killed":1,"minecraft:sleep_in_bed":18,"minecraft:time_since_rest":1977,"minecraft:damage_taken":6046,"minecraft:trigger_trapped_chest":10,"minecraft:damage_dealt":6414,"minecraft:swim_one_cm":5987,"minecraft:fly_one_cm":495888,"minecraft:open_chest":81,"minecraft:crouch_one_cm":52178,"tombstone:undead_killed":17,"minecraft:interact_with_smoker":1,"minecraft:fall_one_cm":36676},"minecraft:picked_up":{"luminousworld:groundpebbles_1":21,"minecraft:crafting_table":2,"minecraft:wheat":22,"minecraft:redstone_block":1,"luminousworld:bao_bob_wood":1,"luminousworld:trout":5,"born_in_chaos_v1:black_argillite":50,"minecraft:string":8,"minecraft:raw_copper":52,"minecraft:iron_axe":1,"luminousworld:sunny":1,"minecraft:white_carpet":6,"minecraft:pufferfish":1,"minecraft:cobbled_deepslate":1606,"minecraft:poppy":4,"minecraft:mangrove_log":1,"minecraft:furnace":1,"minecraft:egg":1,"minecraft:stick":5,"minecraft:raw_iron":50,"luminousworld:auburnlog":7,"minecraft:oak_door":2,"minecraft:oak_fence":2,"minecraft:torch":4,"minecraft:acacia_log":19,"minecraft:spruce_fence":4,"luminousworld:savannah_soil":1,"minecraft:diorite":42,"minecraft:carrot":3,"minecraft:redstone":22,"quark:ancient_tome":1,"luminousworld:baobab_plank":1,"minecraft:arrow":2,"minecraft:rotten_flesh":18,"minecraft:hay_block":6,"minecraft:iron_block":1,"minecraft:mutton":3,"minecraft:bone_block":21,"minecraft:white_wool":2,"minecraft:cobblestone":1299,"minecraft:nautilus_shell":1,"minecraft:birch_log":8,"minecraft:andesite":108,"luminousworld:ishstone":68,"minecraft:birch_planks":20,"minecraft:tuff":74,"minecraft:oak_log":69,"minecraft:gunpowder":3,"minecraft:lapis_lazuli":20,"minecraft:dirt":1754,"tombstone:gift":3,"minecraft:bone":8,"minecraft:acacia_planks":31,"minecraft:stone_bricks":2,"minecraft:bow":1,"minecraft:wheat_seeds":35,"minecraft:raw_gold":18,"minecraft:iron_ingot":1,"minecraft:oak_planks":2,"minecraft:oak_slab":1,"luminousworld:bass_item":1,"minecraft:dandelion":1,"minecraft:spruce_sapling":2,"minecraft:white_bed":3,"minecraft:spruce_log":7,"minecraft:spider_eye":2,"luminousworld:whiteoaklog":4,"minecraft:bundle":1,"minecraft:infested_stone_bricks":19,"minecraft:slime_ball":5,"minecraft:diamond":10,"minecraft:granite":171,"luminousworld:auburn_sapling":1,"minecraft:oak_sapling":9,"luminousworld:bao_bob_log":7,"minecraft:coal":129,"iceandfire:raw_silver":8},"minecraft:broken":{"minecraft:golden_helmet":1,"minecraft:iron_shovel":2,"minecraft:wooden_pickaxe":1,"minecraft:golden_leggings":1,"minecraft:stone_pickaxe":4,"minecraft:shield":1,"vanillaplustools:stone_hammer":2,"minecraft:stone_axe":1,"vanillaplustools:stone_shovel":1},"minecraft:used":{"minecraft:oak_fence":2,"minecraft:stone_sword":19,"minecraft:iron_shovel":501,"minecraft:shield":68,"minecraft:iron_sword":176,"vanillaplustools:stone_hammer":352,"minecraft:oak_door":3,"minecraft:torch":61,"minecraft:dirt":168,"minecraft:white_carpet":6,"minecraft:spruce_fence":4,"minecraft:granite":14,"minecraft:wooden_axe":30,"quark:spruce_chest":1,"minecraft:iron_axe":110,"minecraft:iron_helmet":1,"minecraft:stone_bricks":2,"luminousworld:savannah_soil":1,"minecraft:furnace":3,"tombstone:gift":5,"minecraft:egg":1,"minecraft:cobbled_deepslate":424,"minecraft:acacia_planks":69,"minecraft:iron_leggings":1,"minecraft:cooked_mutton":3,"minecraft:diorite":10,"minecraft:stone_pickaxe":524,"minecraft:oak_planks":1,"minecraft:wooden_pickaxe":61,"minecraft:redstone_block":1,"luminousworld:baobab_plank":33,"minecraft:crafting_table":6,"vanillaplustools:stone_shovel":216,"minecraft:white_bed":3,"minecraft:string":1,"minecraft:bread":45,"minecraft:golden_helmet":1,"minecraft:iron_pickaxe":214,"minecraft:spruce_sapling":2,"minecraft:stone_axe":131,"minecraft:golden_leggings":1,"luminousworld:trout":1,"minecraft:fishing_rod":18,"minecraft:cobblestone":1066,"luminousworld:cooked_trout":3,"quark:oak_chest":4},"minecraft:mined":{"minecraft:infested_deepslate":4,"luminousworld:groundpebbles_1":9,"minecraft:tuff":74,"minecraft:white_bed":2,"iceandfire:silver_ore":8,"luminousworld:grassvariant_4":1,"minecraft:deepslate_diamond_ore":10,"luminousworld:autumnleaves":1,"minecraft:granite":186,"minecraft:acacia_log":19,"luminousworld:bao_bob_wood":1,"minecraft:grass_block":1172,"born_in_chaos_v1:black_argillite":50,"luminousworld:grassvariant_2":1,"luminousworld:whiteoakleaves":7,"luminousworld:baobab_plank":1,"minecraft:spruce_leaves":15,"minecraft:hay_block":6,"minecraft:furnace":1,"minecraft:iron_ore":33,"minecraft:cobbled_deepslate":19,"minecraft:fire":2,"minecraft:andesite":128,"minecraft:deepslate_lapis_ore":3,"minecraft:deepslate_iron_ore":18,"luminousworld:groundpebbles_2":1,"minecraft:stone":1229,"minecraft:iron_block":1,"minecraft:tripwire":1,"minecraft:deepslate_redstone_ore":5,"luminousworld:savannah_soil":1,"minecraft:acacia_leaves":2,"minecraft:redstone_block":1,"minecraft:crafting_table":2,"minecraft:poppy":2,"luminousworld:auburnlog":7,"minecraft:copper_ore":12,"minecraft:cobblestone":32,"minecraft:deepslate_gold_ore":7,"minecraft:diorite":42,"minecraft:wall_torch":1,"minecraft:deepslate_copper_ore":3,"luminousworld:whiteoaklog":4,"minecraft:mud":2,"minecraft:birch_log":6,"minecraft:spruce_log":7,"minecraft:white_carpet":6,"minecraft:birch_leaves":5,"luminousworld:bao_bob_log":7,"minecraft:grass":11,"minecraft:oak_log":69,"minecraft:coal_ore":93,"luminousworld:ishstone":69,"minecraft:dirt":628,"minecraft:cobweb":3,"minecraft:acacia_planks":31,"luminousworld:savannah_grass_4":1,"minecraft:gold_ore":6,"minecraft:oak_leaves":95,"minecraft:deepslate":1587},"minecraft:dropped":{"minecraft:birch_planks":20,"minecraft:coal":36,"minecraft:dirt":349,"minecraft:diorite":2,"tombstone:gift":2,"minecraft:poppy":1,"luminousworld:groundpebbles_1":4,"minecraft:andesite":85},"minecraft:crafted":{"minecraft:oak_door":3,"minecraft:oak_planks":96,"minecraft:stone_shovel":18,"minecraft:fishing_rod":1,"vanillaplustools:stone_hammer":4,"minecraft:furnace":2,"minecraft:cooked_mutton":3,"quark:acacia_chest":1,"minecraft:iron_boots":1,"minecraft:leather":4,"minecraft:iron_axe":1,"minecraft:stone_pickaxe":40,"vanillaplustools:stone_shovel":2,"quark:spruce_chest":1,"minecraft:wheat":54,"sophisticatedbackpacks:backpack":1,"luminousworld:cooked_bass":1,"iceandfire:silver_ingot":6,"minecraft:crafting_table":4,"minecraft:spruce_planks":28,"minecraft:wooden_pickaxe":1,"minecraft:iron_helmet":1,"minecraft:iron_sword":1,"luminousworld:cooked_trout":3,"minecraft:copper_ingot":32,"minecraft:birch_planks":24,"minecraft:stone_axe":1,"minecraft:bread":37,"minecraft:air":0,"minecraft:string":8,"minecraft:iron_chestplate":1,"minecraft:shield":1,"minecraft:birch_fence":3,"minecraft:stick":152,"quark:oak_chest":4,"minecraft:iron_ingot":57,"minecraft:iron_pickaxe":1,"minecraft:wooden_axe":1,"minecraft:stone_sword":1,"minecraft:iron_shovel":2,"minecraft:iron_leggings":1,"minecraft:acacia_planks":76,"minecraft:torch":72,"luminousworld:baobab_plank":32}},"DataVersion":3465}