{"stats":{"minecraft:broken":{"minecraft:stone_pickaxe":4,"vanillaplustools:stone_hammer":1,"minecraft:wooden_pickaxe":1},"minecraft:killed_by":{"undead_revamp2:thepregnant":2},"minecraft:used":{"minecraft:diorite":5,"minecraft:stone_sword":18,"minecraft:stone_pickaxe":524,"minecraft:wooden_pickaxe":61,"minecraft:iron_sword":33,"minecraft:redstone_block":1,"vanillaplustools:stone_hammer":184,"minecraft:oak_door":3,"minecraft:torch":50,"luminousworld:baobab_plank":33,"minecraft:white_carpet":6,"minecraft:crafting_table":5,"minecraft:white_bed":2,"minecraft:wooden_axe":30,"minecraft:bread":16,"minecraft:iron_pickaxe":82,"minecraft:golden_leggings":1,"minecraft:golden_helmet":1,"minecraft:stone_axe":21,"minecraft:cobblestone":135,"minecraft:furnace":3,"tombstone:gift":1,"quark:oak_chest":2,"minecraft:cobbled_deepslate":50,"minecraft:acacia_planks":69},"minecraft:crafted":{"minecraft:oak_door":3,"minecraft:oak_planks":52,"vanillaplustools:stone_hammer":2,"iceandfire:silver_ingot":6,"minecraft:crafting_table":3,"minecraft:wooden_pickaxe":1,"minecraft:iron_sword":1,"minecraft:furnace":2,"minecraft:birch_planks":24,"minecraft:stone_axe":1,"minecraft:bread":31,"minecraft:air":0,"minecraft:iron_boots":1,"minecraft:iron_chestplate":1,"minecraft:birch_fence":3,"minecraft:stick":68,"quark:oak_chest":2,"minecraft:iron_ingot":26,"minecraft:iron_pickaxe":1,"minecraft:stone_pickaxe":22,"minecraft:wooden_axe":1,"minecraft:stone_sword":1,"minecraft:acacia_planks":76,"minecraft:torch":48,"luminousworld:baobab_plank":32,"minecraft:wheat":54},"minecraft:picked_up":{"luminousworld:groundpebbles_1":2,"minecraft:birch_log":6,"minecraft:crafting_table":2,"minecraft:wheat":2,"minecraft:redstone_block":1,"minecraft:andesite":29,"luminousworld:ishstone":32,"minecraft:birch_planks":20,"luminousworld:bao_bob_wood":1,"minecraft:tuff":74,"minecraft:oak_log":13,"born_in_chaos_v1:black_argillite":17,"minecraft:lapis_lazuli":20,"minecraft:string":1,"minecraft:raw_copper":15,"minecraft:white_carpet":6,"minecraft:bone":4,"minecraft:cobbled_deepslate":1396,"minecraft:raw_gold":12,"minecraft:oak_planks":1,"minecraft:furnace":1,"minecraft:raw_iron":17,"minecraft:torch":2,"minecraft:acacia_log":19,"minecraft:diorite":5,"minecraft:white_bed":2,"minecraft:redstone":22,"minecraft:infested_stone_bricks":19,"minecraft:spider_eye":2,"quark:ancient_tome":1,"luminousworld:baobab_plank":1,"minecraft:rotten_flesh":7,"minecraft:slime_ball":5,"minecraft:diamond":9,"minecraft:hay_block":6,"minecraft:granite":22,"minecraft:iron_block":1,"luminousworld:bao_bob_log":7,"minecraft:bone_block":21,"minecraft:coal":81,"minecraft:cobblestone":622,"iceandfire:raw_silver":6},"minecraft:dropped":{"minecraft:birch_planks":20,"minecraft:coal":36,"luminousworld:groundpebbles_1":1},"minecraft:custom":{"minecraft:interact_with_smithing_table":1,"minecraft:interact_with_furnace":7,"minecraft:mob_kills":7,"tombstone:raider_killed":1,"minecraft:interact_with_crafting_table":26,"minecraft:open_barrel":2,"minecraft:leave_game":9,"minecraft:time_since_death":76470,"minecraft:sleep_in_bed":5,"minecraft:climb_one_cm":2563,"minecraft:time_since_rest":51620,"minecraft:sprint_one_cm":130664,"minecraft:damage_taken":1334,"minecraft:walk_one_cm":322212,"minecraft:drop":3,"minecraft:damage_dealt":1584,"minecraft:fly_one_cm":145026,"minecraft:open_chest":28,"minecraft:crouch_one_cm":5436,"minecraft:play_time":108618,"tombstone:undead_killed":4,"minecraft:deaths":3,"minecraft:sneak_time":1612,"minecraft:walk_under_water_one_cm":5585,"minecraft:jump":1202,"minecraft:walk_on_water_one_cm":885,"minecraft:interact_with_smoker":1,"minecraft:total_world_time":108618,"minecraft:fall_one_cm":11919},"minecraft:killed":{"minecraft:cave_spider":1,"minecraft:witch":1,"undead_revamp2:thesmoker":1,"minecraft:zombie":3,"alexsmobs:terrapin":1},"minecraft:mined":{"luminousworld:groundpebbles_1":1,"minecraft:deepslate_redstone_ore":5,"minecraft:tuff":74,"minecraft:acacia_leaves":2,"minecraft:redstone_block":1,"minecraft:white_bed":2,"iceandfire:silver_ore":6,"minecraft:deepslate_diamond_ore":9,"luminousworld:grassvariant_4":1,"minecraft:crafting_table":2,"minecraft:granite":22,"minecraft:acacia_log":19,"luminousworld:bao_bob_wood":1,"born_in_chaos_v1:black_argillite":17,"minecraft:cobblestone":2,"minecraft:copper_ore":1,"luminousworld:baobab_plank":1,"minecraft:deepslate_gold_ore":7,"minecraft:diorite":5,"minecraft:wall_torch":1,"minecraft:deepslate_copper_ore":3,"minecraft:hay_block":6,"minecraft:furnace":1,"minecraft:birch_log":6,"minecraft:iron_ore":11,"minecraft:cobbled_deepslate":4,"minecraft:fire":2,"minecraft:white_carpet":6,"minecraft:andesite":29,"luminousworld:bao_bob_log":7,"minecraft:deepslate_lapis_ore":3,"minecraft:grass":2,"luminousworld:ishstone":32,"minecraft:oak_log":13,"minecraft:coal_ore":45,"minecraft:deepslate_iron_ore":6,"minecraft:stone":604,"minecraft:iron_block":1,"luminousworld:savannah_grass_4":1,"minecraft:oak_leaves":7,"minecraft:deepslate":1391}},"DataVersion":3465}