{"stats":{"minecraft:crafted":{"minecraft:stone_sword":1,"minecraft:oak_planks":40,"minecraft:stone_axe":1,"minecraft:crafting_table":4,"minecraft:stick":8,"minecraft:stone_pickaxe":1,"minecraft:wooden_pickaxe":1,"minecraft:wooden_axe":1},"minecraft:used":{"minecraft:stone_axe":10,"minecraft:wooden_axe":9,"minecraft:crafting_table":1,"minecraft:wooden_pickaxe":24},"minecraft:picked_up":{"minecraft:stick":6,"minecraft:apple":1,"minecraft:oak_log":28,"minecraft:oak_sapling":8,"minecraft:dirt":6,"minecraft:cobblestone":24},"minecraft:custom":{"minecraft:time_since_rest":9132,"minecraft:sprint_one_cm":1382,"minecraft:crouch_one_cm":472,"minecraft:play_time":9132,"minecraft:walk_one_cm":18370,"minecraft:sneak_time":283,"minecraft:jump":62,"minecraft:time_since_death":9132,"minecraft:total_world_time":9132,"minecraft:interact_with_crafting_table":4,"minecraft:fall_one_cm":538,"minecraft:fly_one_cm":327},"minecraft:mined":{"minecraft:grass_block":1,"minecraft:oak_log":28,"minecraft:dirt":5,"minecraft:stone":24,"minecraft:oak_leaves":51}},"DataVersion":3465}