{"stats":{"minecraft:crafted":{"minecraft:cooked_beef":3,"minecraft:oak_door":3,"minecraft:oak_planks":40,"minecraft:shield":1,"minecraft:crafting_table":4,"luminousworld:white_oak_plank":28,"minecraft:stick":8,"minecraft:iron_ingot":7,"minecraft:wooden_pickaxe":1,"minecraft:stone_pickaxe":1,"minecraft:wooden_axe":1,"minecraft:stone_sword":1,"minecraft:furnace":1,"minecraft:torch":20,"minecraft:stone_axe":1,"minecraft:air":0},"minecraft:killed":{"minecraft:cow":1},"minecraft:broken":{"minecraft:wooden_pickaxe":1,"minecraft:stone_pickaxe":1},"minecraft:used":{"minecraft:wooden_axe":9,"minecraft:stone_sword":7,"minecraft:apple":1,"minecraft:stone_pickaxe":131,"minecraft:wooden_pickaxe":59,"minecraft:torch":3,"minecraft:oak_door":3,"minecraft:stone_axe":32,"minecraft:cobblestone":2,"minecraft:crafting_table":4,"minecraft:furnace":2,"minecraft:cooked_beef":1},"minecraft:picked_up":{"minecraft:birch_log":10,"minecraft:crafting_table":2,"minecraft:stick":6,"minecraft:raw_iron":7,"minecraft:oak_log":28,"minecraft:dirt":6,"luminousworld:whiteoaklog":7,"minecraft:raw_copper":48,"minecraft:apple":1,"minecraft:beef":3,"minecraft:oak_sapling":8,"minecraft:coal":16,"minecraft:oak_planks":7,"minecraft:birch_sapling":1,"iceandfire:raw_silver":4,"minecraft:cobblestone":148,"minecraft:furnace":1},"minecraft:custom":{"minecraft:time_since_rest":32451,"minecraft:interact_with_furnace":11,"minecraft:sprint_one_cm":50130,"minecraft:damage_taken":90,"minecraft:walk_one_cm":79154,"minecraft:mob_kills":1,"minecraft:damage_dealt":150,"minecraft:interact_with_crafting_table":10,"minecraft:fly_one_cm":29905,"minecraft:crouch_one_cm":1812,"minecraft:play_time":32451,"minecraft:sneak_time":689,"minecraft:walk_under_water_one_cm":1845,"minecraft:jump":297,"minecraft:leave_game":1,"minecraft:walk_on_water_one_cm":4649,"minecraft:time_since_death":32451,"minecraft:total_world_time":32451,"minecraft:fall_one_cm":3024},"minecraft:mined":{"luminousworld:whiteoaklog":9,"minecraft:furnace":1,"iceandfire:silver_ore":4,"minecraft:birch_log":10,"minecraft:iron_ore":7,"minecraft:birch_leaves":1,"minecraft:crafting_table":2,"minecraft:grass":1,"minecraft:coal_ore":16,"minecraft:grass_block":1,"minecraft:oak_log":28,"minecraft:dirt":5,"minecraft:copper_ore":12,"minecraft:stone":150,"minecraft:oak_leaves":53}},"DataVersion":3465}