{"stats":{"minecraft:crafted":{"minecraft:cooked_beef":3,"minecraft:oak_planks":40,"minecraft:crafting_table":4,"minecraft:stick":8,"minecraft:iron_ingot":7,"minecraft:wooden_pickaxe":1,"minecraft:stone_pickaxe":1,"minecraft:wooden_axe":1,"minecraft:stone_sword":1,"minecraft:furnace":1,"minecraft:stone_axe":1,"minecraft:air":0},"minecraft:killed":{"minecraft:cow":1},"minecraft:used":{"minecraft:wooden_axe":9,"minecraft:stone_sword":7,"minecraft:apple":1,"minecraft:stone_pickaxe":21,"minecraft:wooden_pickaxe":25,"minecraft:stone_axe":31,"minecraft:crafting_table":2,"minecraft:furnace":1,"minecraft:cooked_beef":1},"minecraft:picked_up":{"minecraft:birch_log":10,"minecraft:crafting_table":1,"minecraft:stick":6,"minecraft:raw_iron":7,"minecraft:oak_log":28,"minecraft:dirt":6,"luminousworld:whiteoaklog":5,"minecraft:raw_copper":40,"minecraft:apple":1,"minecraft:beef":3,"minecraft:oak_sapling":8,"minecraft:oak_planks":7,"minecraft:birch_sapling":1,"iceandfire:raw_silver":1,"minecraft:cobblestone":25,"minecraft:furnace":1},"minecraft:custom":{"minecraft:time_since_rest":20451,"minecraft:interact_with_furnace":10,"minecraft:sprint_one_cm":26660,"minecraft:damage_taken":90,"minecraft:walk_one_cm":55673,"minecraft:mob_kills":1,"minecraft:damage_dealt":150,"minecraft:interact_with_crafting_table":5,"minecraft:fly_one_cm":21340,"minecraft:crouch_one_cm":1207,"minecraft:play_time":20451,"minecraft:sneak_time":416,"minecraft:walk_under_water_one_cm":1845,"minecraft:jump":223,"minecraft:leave_game":1,"minecraft:walk_on_water_one_cm":4537,"minecraft:time_since_death":20451,"minecraft:total_world_time":20451,"minecraft:fall_one_cm":2546},"minecraft:mined":{"luminousworld:whiteoaklog":9,"minecraft:furnace":1,"iceandfire:silver_ore":1,"minecraft:birch_log":10,"minecraft:iron_ore":7,"minecraft:birch_leaves":1,"minecraft:crafting_table":1,"minecraft:grass":1,"minecraft:grass_block":1,"minecraft:oak_log":28,"minecraft:dirt":5,"minecraft:copper_ore":10,"minecraft:stone":27,"minecraft:oak_leaves":53}},"DataVersion":3465}