{"stats":{"minecraft:killed":{"minecraft:cave_spider":1,"minecraft:witch":1,"undead_revamp2:thesmoker":1,"enemyexpansion:direwolf":2,"born_in_chaos_v1:maggot":3,"minecraft:skeleton":2,"minecraft:silverfish":3,"undead_revamp2:sucker":1,"born_in_chaos_v1:barrel_zombie":1,"undead_revamp2:the_moonflower":1,"born_in_chaos_v1:decrepit_skeleton":1,"minecraft:sheep":2,"minecraft:zombie":7,"iceandfire:ghost":7,"alexsmobs:terrapin":1,"enemyexpansion:huntsman":1},"minecraft:killed_by":{"minecraft:player":1,"born_in_chaos_v1:baby_skeleton_minion":1,"enemyexpansion:equestrian":1,"enemyexpansion:huntsman":1,"minecraft:skeleton":1,"iceandfire:ghost":12,"undead_revamp2:thepregnant":2},"minecraft:custom":{"minecraft:interact_with_smithing_table":1,"minecraft:mob_kills":35,"minecraft:interact_with_crafting_table":48,"minecraft:open_barrel":2,"minecraft:damage_dealt_resisted":62,"minecraft:leave_game":14,"minecraft:time_since_death":2363,"minecraft:climb_one_cm":15566,"minecraft:sprint_one_cm":540327,"minecraft:walk_one_cm":1149073,"minecraft:damage_blocked_by_shield":900,"minecraft:drop":17,"minecraft:play_time":397633,"minecraft:deaths":20,"minecraft:sneak_time":12189,"minecraft:walk_under_water_one_cm":16245,"minecraft:interact_with_brewingstand":1,"minecraft:jump":4514,"minecraft:walk_on_water_one_cm":17866,"minecraft:total_world_time":397633,"minecraft:interact_with_furnace":30,"tombstone:raider_killed":1,"minecraft:sleep_in_bed":19,"minecraft:time_since_rest":1631,"minecraft:damage_taken":7020,"minecraft:trigger_trapped_chest":10,"minecraft:damage_dealt":7635,"minecraft:swim_one_cm":17471,"minecraft:fly_one_cm":571843,"minecraft:open_chest":95,"minecraft:crouch_one_cm":52178,"tombstone:undead_killed":22,"minecraft:interact_with_smoker":1,"minecraft:fall_one_cm":40521},"minecraft:picked_up":{"luminousworld:groundpebbles_1":21,"minecraft:crafting_table":2,"minecraft:wheat":34,"minecraft:redstone_block":1,"luminousworld:bao_bob_wood":1,"luminousworld:trout":5,"born_in_chaos_v1:black_argillite":50,"minecraft:string":8,"minecraft:raw_copper":52,"minecraft:iron_axe":1,"luminousworld:sunny":1,"minecraft:white_carpet":6,"minecraft:pufferfish":1,"minecraft:cobbled_deepslate":1606,"minecraft:poppy":4,"minecraft:mangrove_log":1,"minecraft:furnace":1,"minecraft:egg":1,"minecraft:stick":5,"minecraft:raw_iron":50,"luminousworld:auburnlog":7,"minecraft:oak_door":3,"minecraft:oak_fence":3,"minecraft:torch":4,"minecraft:acacia_log":19,"minecraft:spruce_fence":8,"luminousworld:savannah_soil":1,"tombstone:grave_dust":1,"minecraft:diorite":43,"minecraft:carrot":3,"minecraft:redstone":22,"quark:ancient_tome":1,"luminousworld:baobab_plank":1,"minecraft:arrow":4,"minecraft:rotten_flesh":24,"minecraft:hay_block":6,"minecraft:iron_block":1,"minecraft:mutton":3,"minecraft:bone_block":21,"minecraft:white_wool":6,"minecraft:cobblestone":1302,"minecraft:nautilus_shell":1,"minecraft:birch_log":8,"minecraft:andesite":108,"luminousworld:ishstone":68,"minecraft:birch_planks":20,"minecraft:flint":2,"minecraft:tuff":74,"minecraft:oak_log":69,"minecraft:gunpowder":3,"minecraft:lapis_lazuli":84,"minecraft:dirt":1757,"tombstone:gift":3,"minecraft:bone":8,"minecraft:acacia_planks":31,"minecraft:stone_bricks":2,"minecraft:bow":1,"minecraft:wheat_seeds":55,"minecraft:raw_gold":18,"minecraft:iron_ingot":1,"minecraft:oak_planks":2,"luminousworld:bass_item":1,"minecraft:oak_slab":1,"minecraft:dandelion":1,"minecraft:spruce_sapling":2,"minecraft:white_bed":3,"minecraft:spruce_log":7,"minecraft:spider_eye":2,"luminousworld:whiteoaklog":4,"minecraft:bundle":1,"minecraft:infested_stone_bricks":19,"minecraft:slime_ball":5,"minecraft:diamond":10,"minecraft:granite":171,"luminousworld:auburn_sapling":1,"minecraft:oak_sapling":9,"luminousworld:bao_bob_log":7,"minecraft:coal":129,"iceandfire:raw_silver":8},"minecraft:broken":{"minecraft:golden_helmet":1,"minecraft:iron_shovel":2,"minecraft:wooden_pickaxe":1,"minecraft:golden_leggings":1,"minecraft:stone_pickaxe":4,"minecraft:shield":1,"vanillaplustools:stone_hammer":2,"minecraft:stone_axe":1,"vanillaplustools:stone_shovel":1},"minecraft:used":{"minecraft:oak_fence":2,"minecraft:stone_sword":22,"minecraft:iron_shovel":501,"tombstone:scroll_of_frost_resistance":4,"minecraft:shield":68,"minecraft:stone":8,"minecraft:iron_sword":203,"vanillaplustools:stone_hammer":352,"minecraft:oak_door":6,"minecraft:torch":61,"minecraft:dirt":171,"minecraft:white_carpet":6,"minecraft:carrot":3,"minecraft:granite":14,"minecraft:spruce_fence":4,"minecraft:wooden_axe":30,"quark:spruce_chest":1,"minecraft:iron_axe":116,"minecraft:iron_helmet":1,"minecraft:stone_bricks":2,"luminousworld:savannah_soil":1,"minecraft:furnace":3,"tombstone:gift":5,"minecraft:egg":1,"minecraft:cobbled_deepslate":424,"minecraft:acacia_planks":69,"minecraft:iron_leggings":1,"minecraft:cooked_mutton":3,"minecraft:diorite":10,"minecraft:stone_pickaxe":524,"minecraft:oak_planks":1,"minecraft:wooden_pickaxe":61,"minecraft:redstone_block":1,"luminousworld:baobab_plank":33,"minecraft:crafting_table":7,"vanillaplustools:stone_shovel":216,"minecraft:white_bed":3,"minecraft:oak_log":1,"minecraft:iron_pickaxe":214,"minecraft:bread":47,"minecraft:string":1,"minecraft:stone_axe":131,"minecraft:golden_leggings":1,"minecraft:spruce_sapling":2,"minecraft:golden_helmet":1,"luminousworld:cooked_sunny":1,"luminousworld:trout":1,"minecraft:fishing_rod":18,"minecraft:cobblestone":1069,"luminousworld:cooked_trout":3,"quark:oak_chest":4},"minecraft:mined":{"minecraft:infested_deepslate":4,"luminousworld:groundpebbles_1":9,"minecraft:tuff":74,"minecraft:white_bed":2,"iceandfire:silver_ore":8,"luminousworld:grassvariant_4":1,"minecraft:oak_door":1,"minecraft:deepslate_diamond_ore":10,"luminousworld:autumnleaves":1,"minecraft:granite":186,"minecraft:acacia_log":19,"luminousworld:bao_bob_wood":1,"minecraft:grass_block":1172,"minecraft:spruce_fence":4,"born_in_chaos_v1:black_argillite":50,"luminousworld:grassvariant_2":1,"luminousworld:whiteoakleaves":7,"luminousworld:baobab_plank":1,"minecraft:spruce_leaves":15,"minecraft:hay_block":6,"minecraft:furnace":1,"minecraft:iron_ore":33,"minecraft:cobbled_deepslate":19,"minecraft:fire":2,"minecraft:andesite":128,"minecraft:deepslate_lapis_ore":3,"minecraft:deepslate_iron_ore":18,"luminousworld:groundpebbles_2":1,"minecraft:stone":1229,"minecraft:iron_block":1,"minecraft:white_wool":2,"minecraft:tripwire":1,"minecraft:deepslate_redstone_ore":5,"luminousworld:savannah_soil":1,"minecraft:acacia_leaves":2,"minecraft:redstone_block":1,"minecraft:oak_fence":1,"minecraft:crafting_table":2,"minecraft:poppy":2,"luminousworld:auburnlog":7,"minecraft:tall_grass":1,"minecraft:copper_ore":12,"minecraft:cobblestone":32,"minecraft:deepslate_gold_ore":7,"minecraft:diorite":42,"minecraft:wall_torch":1,"minecraft:deepslate_copper_ore":3,"luminousworld:whiteoaklog":4,"minecraft:mud":2,"minecraft:birch_log":6,"minecraft:spruce_log":7,"minecraft:white_carpet":6,"minecraft:birch_leaves":5,"luminousworld:bao_bob_log":7,"minecraft:grass":11,"minecraft:oak_log":69,"minecraft:coal_ore":93,"luminousworld:ishstone":69,"minecraft:dirt":631,"minecraft:cobweb":3,"minecraft:acacia_planks":31,"luminousworld:savannah_grass_4":1,"minecraft:gold_ore":6,"minecraft:oak_leaves":95,"minecraft:deepslate":1587},"minecraft:dropped":{"minecraft:birch_planks":20,"minecraft:coal":36,"minecraft:dirt":349,"minecraft:diorite":2,"tombstone:gift":2,"sophisticatedbackpacks:backpack":1,"minecraft:poppy":1,"luminousworld:groundpebbles_1":4,"minecraft:andesite":85},"minecraft:crafted":{"minecraft:oak_door":3,"minecraft:oak_planks":116,"minecraft:stone_shovel":18,"minecraft:fishing_rod":1,"vanillaplustools:stone_hammer":4,"minecraft:furnace":2,"minecraft:stone":26,"minecraft:cooked_mutton":3,"quark:acacia_chest":1,"sophisticatedbackpacks:copper_backpack":1,"minecraft:iron_boots":1,"minecraft:leather":10,"minecraft:iron_axe":1,"luminousworld:cooked_sunny":1,"minecraft:stone_pickaxe":40,"vanillaplustools:stone_shovel":2,"quark:spruce_chest":1,"sophisticatedbackpacks:iron_backpack":1,"minecraft:wheat":54,"sophisticatedbackpacks:backpack":2,"luminousworld:cooked_bass":1,"iceandfire:silver_ingot":6,"minecraft:crafting_table":5,"minecraft:spruce_planks":28,"minecraft:wooden_pickaxe":1,"minecraft:iron_helmet":1,"minecraft:iron_sword":1,"luminousworld:cooked_trout":3,"minecraft:copper_ingot":32,"minecraft:birch_planks":24,"minecraft:stone_axe":1,"minecraft:bread":41,"minecraft:air":0,"minecraft:string":24,"minecraft:iron_chestplate":1,"minecraft:shield":1,"minecraft:birch_fence":3,"minecraft:stick":152,"quark:oak_chest":6,"minecraft:iron_ingot":57,"minecraft:iron_pickaxe":1,"minecraft:wooden_axe":1,"minecraft:stone_sword":1,"minecraft:iron_shovel":2,"minecraft:iron_leggings":1,"minecraft:acacia_planks":76,"minecraft:torch":72,"luminousworld:baobab_plank":32}},"DataVersion":3465}