{"stats":{"minecraft:picked_up":{"luminousworld:groundpebbles_1":1,"minecraft:bone":5,"luminousworld:grassflowers":4,"ecologics:coconut_slice":4,"born_in_chaos_v1:phantom_powder":3,"minecraft:wheat_seeds":4,"born_in_chaos_v1:ethereal_spirit":1,"born_in_chaos_v1:dark_rod":2,"born_in_chaos_v1:pieceofdarkmetal":3,"minecraft:gunpowder":1,"minecraft:spider_eye":1,"minecraft:string":1,"ecologics:crab_claw":2},"minecraft:custom":{"minecraft:time_since_rest":255,"minecraft:deaths":1,"minecraft:crouch_one_cm":1,"minecraft:play_time":19134,"minecraft:sprint_one_cm":17348,"tombstone:undead_killed":2,"minecraft:walk_one_cm":20921,"minecraft:sneak_time":74,"minecraft:walk_under_water_one_cm":375,"minecraft:mob_kills":9,"minecraft:damage_dealt_resisted":1911,"minecraft:jump":96,"minecraft:damage_dealt":1618,"minecraft:walk_on_water_one_cm":133,"minecraft:time_since_death":2654,"minecraft:total_world_time":19134,"minecraft:fly_one_cm":208655,"minecraft:damage_taken":45},"minecraft:used":{"mekaweapons:mekabow":10,"quark:tiny_potato":1,"ecologics:coconut_log":1,"mekaweapons:mekatana":9},"minecraft:killed":{"born_in_chaos_v1:skeleton_thrasher":1,"ecologics:coconut_crab":2,"minecraft:spider":1,"born_in_chaos_v1:phantom_creeper_copy":2,"minecraft:creeper":1,"born_in_chaos_v1:skeleton_demoman":1,"born_in_chaos_v1:dark_vortex":1}},"DataVersion":3465}