{"stats":{"minecraft:dropped":{"minecraft:birch_planks":20,"iceandfire:ectoplasm":3,"minecraft:coal":36,"minecraft:dirt":349,"minecraft:diorite":2,"tombstone:gift":2,"sophisticatedbackpacks:backpack":1,"minecraft:poppy":1,"iceandfire:ghost_chest":1,"luminousworld:groundpebbles_1":4,"minecraft:andesite":85},"minecraft:crafted":{"minecraft:oak_door":3,"minecraft:oak_planks":116,"minecraft:stone_shovel":18,"minecraft:fishing_rod":1,"vanillaplustools:stone_hammer":4,"ecologics:walnut_planks":20,"minecraft:furnace":2,"minecraft:stone":26,"minecraft:cooked_mutton":3,"quark:acacia_chest":3,"sophisticatedbackpacks:copper_backpack":1,"minecraft:iron_boots":1,"minecraft:leather":10,"minecraft:iron_axe":1,"luminousworld:white_oak_plank":112,"luminousworld:cooked_sunny":1,"minecraft:stone_pickaxe":40,"vanillaplustools:stone_shovel":2,"quark:spruce_chest":1,"sophisticatedbackpacks:iron_backpack":1,"minecraft:wheat":54,"luminousworld:autumnplank":12,"sophisticatedbackpacks:backpack":2,"luminousworld:cooked_bass":1,"iceandfire:silver_ingot":6,"minecraft:crafting_table":5,"minecraft:spruce_planks":28,"minecraft:baked_potato":17,"minecraft:wooden_pickaxe":1,"minecraft:iron_helmet":1,"minecraft:iron_sword":1,"luminousworld:cooked_trout":3,"minecraft:copper_ingot":32,"minecraft:birch_planks":24,"minecraft:stone_axe":1,"minecraft:bread":41,"minecraft:air":0,"minecraft:string":24,"minecraft:iron_chestplate":1,"minecraft:shield":1,"minecraft:birch_fence":3,"minecraft:stick":164,"quark:oak_chest":6,"minecraft:iron_ingot":57,"minecraft:iron_pickaxe":1,"minecraft:wooden_axe":1,"minecraft:stone_sword":1,"minecraft:iron_shovel":2,"minecraft:iron_leggings":1,"minecraft:acacia_planks":76,"minecraft:torch":132,"luminousworld:baobab_plank":32},"minecraft:broken":{"minecraft:golden_helmet":1,"minecraft:iron_shovel":2,"minecraft:iron_boots":1,"minecraft:wooden_pickaxe":1,"minecraft:golden_leggings":1,"minecraft:stone_pickaxe":4,"minecraft:shield":1,"vanillaplustools:stone_hammer":3,"minecraft:stone_axe":1,"minecraft:iron_pickaxe":1,"minecraft:iron_sword":1,"vanillaplustools:stone_shovel":1},"minecraft:killed":{"minecraft:cave_spider":1,"minecraft:witch":1,"undead_revamp2:thesmoker":1,"enemyexpansion:direwolf":2,"born_in_chaos_v1:siamese_skeletonsright":1,"born_in_chaos_v1:scarlet_persecutor":1,"born_in_chaos_v1:maggot":3,"minecraft:skeleton":2,"minecraft:silverfish":3,"minecraft:drowned":1,"undead_revamp2:sucker":1,"minecraft:tropical_fish":1,"born_in_chaos_v1:barrel_zombie":1,"undead_revamp2:the_moonflower":2,"born_in_chaos_v1:decrepit_skeleton":2,"minecraft:sheep":2,"minecraft:zombie":8,"iceandfire:ghost":12,"alexsmobs:terrapin":1,"enemyexpansion:huntsman":1,"born_in_chaos_v1:siamese_skeletonsleft":1},"minecraft:used":{"minecraft:oak_fence":2,"minecraft:beetroot":5,"minecraft:stone_sword":67,"minecraft:iron_shovel":501,"luminousworld:whiteoaklog":7,"tombstone:scroll_of_frost_resistance":4,"minecraft:shield":68,"minecraft:stone":24,"minecraft:iron_sword":247,"vanillaplustools:stone_hammer":504,"minecraft:oak_door":6,"minecraft:torch":80,"minecraft:dirt":186,"minecraft:white_carpet":6,"minecraft:carrot":9,"minecraft:granite":20,"minecraft:spruce_fence":4,"minecraft:wooden_axe":30,"quark:spruce_chest":1,"minecraft:iron_axe":260,"minecraft:iron_helmet":1,"minecraft:stone_bricks":2,"luminousworld:savannah_soil":1,"minecraft:furnace":3,"tombstone:gift":7,"minecraft:egg":1,"minecraft:cobbled_deepslate":584,"minecraft:iron_leggings":1,"minecraft:acacia_planks":69,"minecraft:cooked_mutton":3,"minecraft:diorite":10,"minecraft:baked_potato":1,"minecraft:stone_pickaxe":524,"minecraft:oak_planks":1,"minecraft:wooden_pickaxe":61,"luminousworld:white_oak_plank":114,"minecraft:redstone_block":1,"luminousworld:baobab_plank":33,"minecraft:crafting_table":7,"quark:acacia_chest":2,"vanillaplustools:stone_shovel":255,"minecraft:white_bed":3,"minecraft:oak_log":3,"minecraft:iron_pickaxe":251,"minecraft:stone_axe":131,"minecraft:bread":49,"minecraft:string":1,"minecraft:golden_leggings":1,"minecraft:spruce_sapling":2,"minecraft:golden_helmet":1,"luminousworld:cooked_sunny":1,"luminousworld:trout":1,"minecraft:fishing_rod":18,"minecraft:cobblestone":1075,"luminousworld:cooked_trout":3,"quark:oak_chest":5},"minecraft:picked_up":{"minecraft:fishing_rod":1,"luminousworld:groundpebbles_1":21,"minecraft:crafting_table":2,"minecraft:wheat":80,"minecraft:redstone_block":1,"luminousworld:bao_bob_wood":1,"luminousworld:trout":5,"minecraft:amethyst_block":7,"born_in_chaos_v1:black_argillite":50,"minecraft:string":11,"minecraft:raw_copper":86,"minecraft:iron_axe":1,"luminousworld:sunny":1,"minecraft:white_carpet":6,"minecraft:pufferfish":1,"minecraft:beetroot":6,"minecraft:cobbled_deepslate":2702,"minecraft:calcite":20,"minecraft:poppy":4,"minecraft:birch_sapling":1,"luminousworld:white_oak_plank":2,"minecraft:mangrove_log":1,"minecraft:furnace":1,"minecraft:egg":1,"minecraft:raw_iron":60,"minecraft:stick":6,"iceandfire:ghost_chest":1,"luminousworld:auburnlog":14,"born_in_chaos_v1:shattered_skull":1,"minecraft:oak_door":3,"ecologics:walnut_log":5,"minecraft:oak_fence":3,"minecraft:torch":5,"minecraft:acacia_log":19,"minecraft:spruce_fence":8,"luminousworld:savannah_soil":1,"tombstone:grave_dust":2,"minecraft:diorite":43,"minecraft:carrot":111,"minecraft:redstone":57,"quark:ancient_tome":1,"luminousworld:baobab_plank":1,"minecraft:arrow":4,"minecraft:rotten_flesh":31,"minecraft:beetroot_seeds":10,"minecraft:hay_block":6,"minecraft:iron_block":1,"minecraft:nautilus_shell":1,"minecraft:mutton":3,"minecraft:bone_block":21,"minecraft:white_wool":6,"minecraft:cobblestone":1362,"born_in_chaos_v1:fused_bone":1,"minecraft:birch_log":25,"minecraft:andesite":108,"luminousworld:ishstone":68,"minecraft:birch_planks":20,"minecraft:potato":17,"minecraft:flint":26,"minecraft:tuff":116,"minecraft:oak_log":96,"iceandfire:ectoplasm":3,"minecraft:gunpowder":3,"minecraft:lapis_lazuli":113,"minecraft:dirt":1761,"tombstone:gift":4,"minecraft:bone":8,"minecraft:acacia_planks":54,"minecraft:stone_bricks":2,"minecraft:bow":1,"minecraft:wheat_seeds":117,"minecraft:raw_gold":18,"minecraft:iron_ingot":1,"minecraft:oak_planks":2,"minecraft:oak_slab":1,"luminousworld:bass_item":1,"minecraft:smooth_basalt":25,"born_in_chaos_v1:ethereal_spirit":4,"minecraft:dandelion":1,"minecraft:gravel":188,"minecraft:amethyst_shard":2,"minecraft:spruce_sapling":2,"minecraft:white_bed":3,"minecraft:spruce_log":7,"minecraft:spider_eye":2,"luminousworld:whiteoaklog":35,"minecraft:bundle":1,"minecraft:infested_stone_bricks":19,"minecraft:slime_ball":5,"minecraft:diamond":10,"minecraft:granite":177,"luminousworld:auburn_sapling":1,"minecraft:emerald":6,"minecraft:oak_sapling":9,"luminousworld:bao_bob_log":7,"minecraft:coal":129,"iceandfire:raw_silver":8},"minecraft:killed_by":{"minecraft:player":1,"born_in_chaos_v1:baby_skeleton_minion":1,"enemyexpansion:equestrian":1,"enemyexpansion:huntsman":1,"minecraft:skeleton":1,"born_in_chaos_v1:scarlet_persecutor":1,"iceandfire:ghost":13,"undead_revamp2:thepregnant":2},"minecraft:custom":{"minecraft:interact_with_smithing_table":1,"minecraft:mob_kills":48,"minecraft:interact_with_crafting_table":57,"minecraft:open_barrel":2,"minecraft:damage_dealt_resisted":62,"minecraft:leave_game":15,"minecraft:time_since_death":39319,"minecraft:climb_one_cm":15566,"minecraft:sprint_one_cm":602357,"minecraft:walk_one_cm":1354355,"minecraft:damage_blocked_by_shield":900,"minecraft:drop":21,"minecraft:play_time":465768,"minecraft:sneak_time":12392,"minecraft:deaths":23,"minecraft:walk_under_water_one_cm":39223,"minecraft:interact_with_brewingstand":1,"minecraft:jump":5083,"minecraft:walk_on_water_one_cm":28760,"minecraft:total_world_time":465768,"minecraft:interact_with_furnace":36,"tombstone:raider_killed":1,"minecraft:sleep_in_bed":21,"minecraft:time_since_rest":28381,"minecraft:damage_taken":8115,"minecraft:trigger_trapped_chest":12,"minecraft:damage_dealt":10859,"minecraft:swim_one_cm":56181,"minecraft:fly_one_cm":644896,"minecraft:open_chest":119,"minecraft:crouch_one_cm":52619,"tombstone:undead_killed":33,"minecraft:interact_with_smoker":1,"minecraft:fall_one_cm":45604},"minecraft:mined":{"minecraft:infested_deepslate":5,"luminousworld:groundpebbles_1":9,"minecraft:tuff":116,"minecraft:white_bed":2,"iceandfire:silver_ore":8,"luminousworld:grassvariant_4":2,"minecraft:oak_door":1,"minecraft:deepslate_diamond_ore":10,"luminousworld:autumnleaves":1,"minecraft:granite":192,"minecraft:budding_amethyst":3,"minecraft:acacia_log":19,"luminousworld:bao_bob_wood":1,"minecraft:grass_block":1172,"minecraft:spruce_fence":4,"born_in_chaos_v1:black_argillite":50,"luminousworld:grassvariant_2":1,"luminousworld:whiteoakleaves":19,"luminousworld:baobab_plank":1,"minecraft:spruce_leaves":15,"luminousworld:white_oak_plank":2,"minecraft:hay_block":6,"minecraft:furnace":1,"minecraft:iron_ore":33,"minecraft:fire":2,"minecraft:cobbled_deepslate":33,"minecraft:andesite":128,"minecraft:deepslate_lapis_ore":7,"minecraft:deepslate_iron_ore":28,"luminousworld:groundpebbles_2":1,"ecologics:walnut_log":5,"minecraft:stone":1289,"minecraft:iron_block":1,"minecraft:white_wool":2,"minecraft:tripwire":1,"minecraft:deepslate_redstone_ore":13,"luminousworld:savannah_soil":1,"minecraft:acacia_leaves":2,"minecraft:redstone_block":1,"minecraft:oak_fence":1,"minecraft:crafting_table":2,"minecraft:calcite":20,"ecologics:walnut_leaves":1,"minecraft:poppy":2,"iceandfire:ghost_chest":1,"luminousworld:auburnlog":14,"minecraft:copper_ore":15,"minecraft:tall_grass":1,"minecraft:cobblestone":32,"minecraft:deepslate_gold_ore":7,"minecraft:diorite":42,"minecraft:wall_torch":1,"minecraft:amethyst_block":7,"minecraft:deepslate_copper_ore":10,"supplementaries:urn":1,"luminousworld:whiteoaklog":37,"minecraft:mud":2,"minecraft:birch_log":23,"minecraft:spruce_log":7,"minecraft:white_carpet":6,"minecraft:birch_leaves":17,"luminousworld:bao_bob_log":7,"minecraft:grass":11,"minecraft:coal_ore":93,"minecraft:oak_log":96,"luminousworld:ishstone":69,"minecraft:gravel":212,"minecraft:dirt":635,"minecraft:cobweb":6,"minecraft:smooth_basalt":25,"minecraft:acacia_planks":31,"luminousworld:elephant_grass":1,"luminousworld:savannah_grass_4":1,"minecraft:gold_ore":6,"minecraft:oak_leaves":110,"minecraft:deepslate":2690}},"DataVersion":3465}