{"stats":{"minecraft:dropped":{"minecraft:birch_planks":20,"minecraft:coal":36,"minecraft:dirt":349,"minecraft:diorite":2,"minecraft:poppy":1,"luminousworld:groundpebbles_1":4,"minecraft:andesite":64},"minecraft:crafted":{"minecraft:oak_door":3,"minecraft:oak_planks":88,"minecraft:stone_shovel":9,"vanillaplustools:stone_hammer":3,"minecraft:furnace":2,"minecraft:iron_boots":1,"minecraft:iron_axe":1,"minecraft:stone_pickaxe":31,"vanillaplustools:stone_shovel":1,"quark:spruce_chest":1,"minecraft:wheat":54,"iceandfire:silver_ingot":6,"minecraft:crafting_table":3,"minecraft:spruce_planks":28,"minecraft:wooden_pickaxe":1,"minecraft:iron_sword":1,"minecraft:birch_planks":24,"minecraft:stone_axe":1,"minecraft:bread":37,"minecraft:air":0,"minecraft:iron_chestplate":1,"minecraft:birch_fence":3,"minecraft:stick":116,"quark:oak_chest":4,"minecraft:iron_ingot":32,"minecraft:iron_pickaxe":1,"minecraft:wooden_axe":1,"minecraft:stone_sword":1,"minecraft:iron_shovel":2,"minecraft:acacia_planks":76,"minecraft:torch":56,"luminousworld:baobab_plank":32},"minecraft:broken":{"minecraft:iron_shovel":1,"minecraft:wooden_pickaxe":1,"minecraft:stone_pickaxe":4,"vanillaplustools:stone_hammer":2},"minecraft:killed":{"minecraft:cave_spider":1,"minecraft:witch":1,"undead_revamp2:thesmoker":1,"born_in_chaos_v1:maggot":3,"minecraft:skeleton":1,"born_in_chaos_v1:barrel_zombie":1,"undead_revamp2:the_moonflower":1,"born_in_chaos_v1:decrepit_skeleton":1,"minecraft:sheep":2,"minecraft:zombie":4,"alexsmobs:terrapin":1},"minecraft:used":{"minecraft:stone_sword":19,"minecraft:iron_shovel":455,"minecraft:iron_sword":78,"vanillaplustools:stone_hammer":320,"minecraft:oak_door":3,"minecraft:torch":59,"minecraft:dirt":82,"minecraft:white_carpet":6,"minecraft:granite":14,"minecraft:wooden_axe":30,"quark:spruce_chest":1,"minecraft:iron_axe":22,"minecraft:furnace":3,"tombstone:gift":3,"minecraft:egg":1,"minecraft:acacia_planks":69,"minecraft:cobbled_deepslate":215,"minecraft:diorite":5,"minecraft:stone_pickaxe":524,"minecraft:wooden_pickaxe":61,"minecraft:redstone_block":1,"luminousworld:baobab_plank":33,"minecraft:crafting_table":5,"vanillaplustools:stone_shovel":131,"minecraft:white_bed":2,"minecraft:bread":36,"minecraft:iron_pickaxe":128,"minecraft:golden_leggings":1,"minecraft:golden_helmet":1,"minecraft:stone_axe":71,"minecraft:cobblestone":696,"quark:oak_chest":4},"minecraft:picked_up":{"luminousworld:groundpebbles_1":20,"minecraft:crafting_table":2,"minecraft:wheat":22,"minecraft:redstone_block":1,"luminousworld:bao_bob_wood":1,"born_in_chaos_v1:black_argillite":50,"minecraft:string":3,"minecraft:raw_copper":20,"minecraft:white_carpet":6,"minecraft:pufferfish":1,"minecraft:cobbled_deepslate":1549,"minecraft:poppy":4,"minecraft:mangrove_log":1,"minecraft:egg":1,"minecraft:furnace":1,"minecraft:stick":2,"minecraft:raw_iron":32,"minecraft:acacia_log":19,"minecraft:torch":3,"minecraft:diorite":7,"minecraft:carrot":3,"minecraft:redstone":22,"luminousworld:baobab_plank":1,"quark:ancient_tome":1,"minecraft:arrow":2,"minecraft:rotten_flesh":15,"minecraft:hay_block":6,"minecraft:iron_block":1,"minecraft:mutton":3,"minecraft:white_wool":2,"minecraft:cobblestone":1110,"minecraft:bone_block":21,"minecraft:nautilus_shell":1,"minecraft:birch_log":8,"minecraft:andesite":108,"luminousworld:ishstone":68,"minecraft:birch_planks":20,"minecraft:tuff":74,"minecraft:oak_log":22,"minecraft:gunpowder":3,"minecraft:lapis_lazuli":20,"minecraft:dirt":1233,"tombstone:gift":1,"minecraft:bone":6,"minecraft:wheat_seeds":35,"minecraft:raw_gold":18,"minecraft:iron_ingot":1,"minecraft:oak_planks":1,"minecraft:dandelion":1,"minecraft:spruce_sapling":2,"minecraft:white_bed":2,"minecraft:spruce_log":7,"minecraft:spider_eye":2,"minecraft:infested_stone_bricks":19,"minecraft:slime_ball":5,"minecraft:diamond":10,"minecraft:granite":171,"minecraft:oak_sapling":2,"luminousworld:bao_bob_log":7,"minecraft:coal":108,"iceandfire:raw_silver":6},"minecraft:killed_by":{"minecraft:player":1,"undead_revamp2:thepregnant":2},"minecraft:custom":{"minecraft:interact_with_smithing_table":1,"minecraft:mob_kills":17,"minecraft:interact_with_crafting_table":32,"minecraft:open_barrel":2,"minecraft:damage_dealt_resisted":4,"minecraft:leave_game":10,"minecraft:time_since_death":44293,"minecraft:climb_one_cm":6200,"minecraft:sprint_one_cm":305656,"minecraft:walk_one_cm":744870,"minecraft:drop":13,"minecraft:play_time":231578,"minecraft:deaths":4,"minecraft:sneak_time":8890,"minecraft:walk_under_water_one_cm":5585,"minecraft:jump":2663,"minecraft:walk_on_water_one_cm":885,"minecraft:total_world_time":231578,"minecraft:interact_with_furnace":9,"tombstone:raider_killed":1,"minecraft:sleep_in_bed":11,"minecraft:time_since_rest":13546,"minecraft:damage_taken":2290,"minecraft:damage_dealt":3084,"minecraft:fly_one_cm":303087,"minecraft:open_chest":50,"minecraft:crouch_one_cm":40530,"tombstone:undead_killed":9,"minecraft:interact_with_smoker":1,"minecraft:fall_one_cm":22713},"minecraft:mined":{"luminousworld:groundpebbles_1":8,"minecraft:tuff":74,"minecraft:white_bed":2,"iceandfire:silver_ore":6,"luminousworld:grassvariant_4":1,"minecraft:deepslate_diamond_ore":10,"minecraft:granite":186,"minecraft:acacia_log":19,"luminousworld:bao_bob_wood":1,"minecraft:grass_block":886,"born_in_chaos_v1:black_argillite":50,"luminousworld:baobab_plank":1,"minecraft:spruce_leaves":15,"minecraft:hay_block":6,"minecraft:furnace":1,"minecraft:iron_ore":17,"minecraft:cobbled_deepslate":4,"minecraft:fire":2,"minecraft:andesite":128,"minecraft:deepslate_lapis_ore":3,"minecraft:deepslate_iron_ore":15,"luminousworld:groundpebbles_2":1,"minecraft:stone":1088,"minecraft:iron_block":1,"minecraft:deepslate_redstone_ore":5,"minecraft:acacia_leaves":2,"minecraft:redstone_block":1,"minecraft:crafting_table":2,"minecraft:poppy":2,"minecraft:copper_ore":2,"minecraft:cobblestone":14,"minecraft:deepslate_gold_ore":7,"minecraft:diorite":7,"minecraft:wall_torch":1,"minecraft:deepslate_copper_ore":3,"minecraft:mud":2,"minecraft:birch_log":6,"minecraft:white_carpet":6,"minecraft:spruce_log":7,"minecraft:birch_leaves":3,"luminousworld:bao_bob_log":7,"minecraft:grass":9,"minecraft:oak_log":22,"minecraft:coal_ore":72,"luminousworld:ishstone":69,"minecraft:dirt":369,"minecraft:cobweb":2,"luminousworld:savannah_grass_4":1,"minecraft:gold_ore":6,"minecraft:oak_leaves":48,"minecraft:deepslate":1545}},"DataVersion":3465}