{"stats":{"minecraft:dropped":{"alexsmobs:animal_dictionary":1},"minecraft:used":{"alexsmobs:animal_dictionary":2},"minecraft:picked_up":{"ecologics:coconut_slice":2,"ecologics:seashell":2,"ecologics:coconut_log":2,"luminousworld:elephant_grass":2},"minecraft:killed_by":{"enemyexpansion:direwolf":1,"born_in_chaos_v1:baby_skeleton_minion":1},"minecraft:custom":{"minecraft:time_since_rest":355,"minecraft:play_time":12017,"minecraft:sprint_one_cm":19077,"minecraft:walk_one_cm":9995,"minecraft:damage_taken":495,"minecraft:deaths":2,"minecraft:drop":1,"minecraft:damage_dealt_resisted":19,"minecraft:jump":127,"minecraft:damage_dealt":34,"minecraft:leave_game":1,"minecraft:time_since_death":0,"minecraft:walk_on_water_one_cm":1782,"minecraft:total_world_time":12017,"minecraft:fall_one_cm":2563,"minecraft:fly_one_cm":28450},"minecraft:mined":{"undead_revamp2:arapholia":1,"ecologics:seashell":2,"ecologics:coconut_log":2,"luminousworld:elephant_grass":2}},"DataVersion":3465}