{"stats":{"minecraft:crafted":{"minecraft:oak_planks":356,"minecraft:cobblestone_slab":12,"quark:birch_chest":2,"vanillaplustools:stone_hammer":24,"quark:birch_ladder":64,"minecraft:iron_boots":1,"luminousworld:white_oak_plank":44,"minecraft:stone_pickaxe":220,"minecraft:cooked_rabbit":4,"minecraft:wheat":27,"minecraft:crafting_table":3,"minecraft:wooden_pickaxe":1,"minecraft:iron_helmet":1,"minecraft:birch_planks":24,"minecraft:stone_axe":2,"minecraft:bread":9,"minecraft:air":0,"minecraft:iron_chestplate":1,"minecraft:stick":692,"quark:oak_chest":4,"minecraft:iron_ingot":23,"minecraft:wooden_axe":1,"minecraft:torch":76},"minecraft:dropped":{"minecraft:iron_ingot":6,"luminousworld:ishstone":260,"minecraft:crafting_table":1,"minecraft:cobblestone":593,"minecraft:lantern":2,"minecraft:apple":2,"minecraft:granite":191,"minecraft:coal":55,"minecraft:stick":65,"minecraft:diorite":1406,"minecraft:torch":8,"minecraft:wooden_axe":1,"minecraft:gravel":21,"minecraft:stone_axe":2,"vanillaplustools:stone_shovel":1,"minecraft:cobbled_deepslate":18,"minecraft:oak_planks":23,"minecraft:cobblestone_slab":12,"minecraft:andesite":368,"quark:birch_ladder":17,"vanillaplustools:stone_hammer":7,"minecraft:stone_bricks":1,"minecraft:stone_pickaxe":3,"minecraft:wooden_pickaxe":2},"minecraft:broken":{"minecraft:stone_pickaxe":1,"vanillaplustools:stone_hammer":10,"minecraft:stone_axe":1,"minecraft:wooden_axe":1},"minecraft:killed":{"minecraft:silverfish":1,"undead_revamp2:thespitter":1,"enemyexpansion:vampflyer":1,"minecraft:pig":3,"luminousworld:savannah_skeleton":1,"iceandfire:ghost":1,"alexsmobs:terrapin":2,"enemyexpansion:vampire":1},"minecraft:used":{"quark:birch_chest":2,"vanillaplustools:stone_hammer":1474,"minecraft:torch":86,"minecraft:carrot":3,"minecraft:granite":3,"quark:birch_ladder":30,"minecraft:wooden_axe":48,"minecraft:beef":2,"minecraft:stone_pickaxe":384,"minecraft:oak_planks":1,"minecraft:wooden_pickaxe":39,"minecraft:crafting_table":5,"vanillaplustools:stone_shovel":3,"minecraft:apple":5,"minecraft:bread":15,"tombstone:magic_scroll":4,"minecraft:stone_axe":127,"minecraft:cobblestone":95,"minecraft:cooked_porkchop":1,"minecraft:porkchop":1,"minecraft:cooked_rabbit":4,"minecraft:andesite":35,"minecraft:yellow_bed":3,"quark:oak_chest":5},"minecraft:picked_up":{"minecraft:wooden_axe":1,"minecraft:charcoal":9,"born_in_chaos_v1:diamond_termite_shard":1,"minecraft:crafting_table":4,"minecraft:wheat":38,"minecraft:ladder":12,"minecraft:wooden_pickaxe":1,"minecraft:raw_copper":193,"minecraft:iron_leggings":1,"vanillaplustools:stone_shovel":1,"minecraft:cobbled_deepslate":9,"minecraft:beef":2,"minecraft:sugar_cane":5,"minecraft:furnace":6,"minecraft:stick":3,"minecraft:raw_iron":14,"minecraft:torch":19,"minecraft:porkchop":6,"minecraft:diorite":1386,"minecraft:carrot":3,"luminousworld:grassflowers":1,"minecraft:rotten_flesh":1,"minecraft:beetroot_seeds":1,"minecraft:hay_block":3,"minecraft:gold_ingot":23,"minecraft:mutton":2,"minecraft:cobblestone":4120,"minecraft:birch_log":6,"minecraft:air":0,"minecraft:andesite":394,"luminousworld:ishstone":307,"minecraft:flint":6,"minecraft:oak_log":89,"minecraft:yellow_bed":3,"minecraft:gunpowder":3,"minecraft:lapis_lazuli":104,"minecraft:dirt":7,"minecraft:lantern":2,"minecraft:cooked_mutton":2,"minecraft:apple":1,"minecraft:stone_bricks":1,"minecraft:wheat_seeds":61,"minecraft:stone_pickaxe":4,"minecraft:rabbit":4,"minecraft:oak_planks":2,"minecraft:cooked_porkchop":1,"minecraft:gravel":43,"quark:oak_chest":1,"luminousworld:whiteoaklog":9,"minecraft:stone_axe":2,"vanillaplustools:stone_hammer":6,"minecraft:granite":374,"minecraft:bread":5,"tombstone:magic_scroll":1,"minecraft:coal":181,"iceandfire:raw_silver":38},"minecraft:killed_by":{"minecraft:player":2,"enemyexpansion:troll":1,"enemyexpansion:vampflyer":1,"enemyexpansion:invisicreeper":1},"minecraft:custom":{"minecraft:mob_kills":11,"minecraft:interact_with_crafting_table":25,"minecraft:leave_game":3,"minecraft:time_since_death":3073,"minecraft:climb_one_cm":31433,"minecraft:sprint_one_cm":208096,"minecraft:walk_one_cm":618752,"minecraft:drop":95,"minecraft:play_time":166716,"minecraft:deaths":6,"minecraft:sneak_time":5464,"minecraft:walk_under_water_one_cm":3994,"minecraft:jump":2244,"minecraft:walk_on_water_one_cm":9138,"minecraft:total_world_time":166716,"minecraft:interact_with_furnace":13,"minecraft:sleep_in_bed":4,"minecraft:time_since_rest":28,"minecraft:damage_taken":2974,"minecraft:damage_dealt":2904,"minecraft:swim_one_cm":11536,"minecraft:fly_one_cm":393562,"minecraft:player_kills":4,"minecraft:open_chest":46,"minecraft:crouch_one_cm":22695,"tombstone:undead_killed":5,"minecraft:fall_one_cm":52093},"minecraft:mined":{"minecraft:white_bed":1,"luminousworld:yellowpetunias":1,"iceandfire:silver_ore":38,"luminousworld:grassvariant_4":2,"minecraft:ladder":12,"minecraft:granite":501,"minecraft:grass_block":1,"luminousworld:grassvariant_2":1,"minecraft:hay_block":3,"minecraft:furnace":6,"minecraft:iron_ore":13,"minecraft:andesite":758,"minecraft:stone":8378,"quark:oak_chest":1,"minecraft:crafting_table":3,"minecraft:campfire":2,"minecraft:cobblestone":78,"minecraft:copper_ore":78,"minecraft:lapis_ore":15,"minecraft:sugar_cane":2,"minecraft:oak_planks":2,"minecraft:diorite":1712,"luminousworld:whiteoaklog":11,"minecraft:birch_log":6,"minecraft:yellow_bed":3,"minecraft:grass":2,"minecraft:coal_ore":133,"minecraft:oak_log":88,"luminousworld:ishstone":526,"minecraft:dirt":203,"minecraft:gravel":62,"minecraft:sand":3,"luminousworld:grassvariant_3":1,"minecraft:stone_bricks":1,"minecraft:oak_leaves":2}},"DataVersion":3465}