{"stats":{"minecraft:crafted":{"minecraft:oak_planks":104,"minecraft:cobblestone_slab":12,"vanillaplustools:stone_hammer":9,"minecraft:crafting_table":1,"minecraft:wooden_pickaxe":1,"minecraft:iron_helmet":1,"minecraft:stone_axe":1,"minecraft:air":0,"minecraft:iron_chestplate":1,"minecraft:iron_boots":1,"minecraft:stick":264,"minecraft:iron_ingot":23,"minecraft:stone_pickaxe":86,"minecraft:wooden_axe":1,"minecraft:torch":76,"minecraft:cooked_rabbit":4},"minecraft:dropped":{"minecraft:gravel":21,"minecraft:iron_ingot":6,"minecraft:stone_axe":2,"minecraft:cobbled_deepslate":18,"luminousworld:ishstone":196,"minecraft:crafting_table":1,"minecraft:cobblestone":526,"minecraft:oak_planks":23,"minecraft:apple":2,"minecraft:granite":65,"minecraft:coal":55,"minecraft:stick":65,"minecraft:cobblestone_slab":12,"minecraft:diorite":1027,"minecraft:wooden_axe":1,"minecraft:andesite":368,"vanillaplustools:stone_hammer":4,"minecraft:stone_bricks":1,"minecraft:wooden_pickaxe":2,"minecraft:stone_pickaxe":2},"minecraft:killed":{"minecraft:pig":3,"iceandfire:ghost":1,"alexsmobs:terrapin":1,"minecraft:silverfish":1},"minecraft:used":{"minecraft:stone_pickaxe":360,"minecraft:oak_planks":1,"minecraft:wooden_pickaxe":39,"vanillaplustools:stone_hammer":1282,"minecraft:torch":71,"minecraft:crafting_table":2,"minecraft:carrot":3,"minecraft:granite":3,"minecraft:wooden_axe":48,"minecraft:apple":5,"minecraft:bread":4,"tombstone:magic_scroll":4,"minecraft:stone_axe":4,"minecraft:cobblestone":73,"minecraft:beef":2,"minecraft:porkchop":1,"minecraft:cooked_porkchop":1,"minecraft:cooked_rabbit":4,"minecraft:andesite":35,"minecraft:yellow_bed":2,"quark:oak_chest":1},"minecraft:broken":{"minecraft:stone_pickaxe":1,"vanillaplustools:stone_hammer":9,"minecraft:wooden_axe":1},"minecraft:picked_up":{"minecraft:wooden_axe":1,"minecraft:charcoal":6,"minecraft:crafting_table":2,"born_in_chaos_v1:diamond_termite_shard":1,"minecraft:wheat":38,"minecraft:air":0,"minecraft:andesite":385,"luminousworld:ishstone":237,"minecraft:wooden_pickaxe":1,"minecraft:flint":2,"minecraft:oak_log":26,"minecraft:yellow_bed":2,"minecraft:lapis_lazuli":104,"minecraft:dirt":7,"minecraft:raw_copper":165,"minecraft:iron_leggings":1,"minecraft:apple":1,"minecraft:stone_bricks":1,"minecraft:wheat_seeds":61,"minecraft:cobbled_deepslate":9,"minecraft:beef":2,"minecraft:stone_pickaxe":1,"minecraft:rabbit":4,"minecraft:sugar_cane":5,"minecraft:oak_planks":2,"minecraft:stick":1,"minecraft:raw_iron":10,"minecraft:cooked_porkchop":1,"minecraft:torch":17,"minecraft:gravel":21,"minecraft:porkchop":6,"minecraft:diorite":1007,"minecraft:carrot":3,"quark:oak_chest":1,"minecraft:stone_axe":2,"minecraft:beetroot_seeds":1,"minecraft:granite":242,"vanillaplustools:stone_hammer":6,"tombstone:magic_scroll":1,"minecraft:mutton":2,"minecraft:coal":144,"iceandfire:raw_silver":38,"minecraft:cobblestone":2823},"minecraft:killed_by":{"minecraft:player":2,"enemyexpansion:troll":1,"enemyexpansion:invisicreeper":1},"minecraft:custom":{"minecraft:interact_with_furnace":13,"minecraft:mob_kills":6,"minecraft:interact_with_crafting_table":13,"minecraft:leave_game":3,"minecraft:time_since_death":4713,"minecraft:sleep_in_bed":3,"minecraft:climb_one_cm":10439,"minecraft:time_since_rest":4374,"minecraft:sprint_one_cm":173680,"minecraft:damage_taken":1732,"minecraft:walk_one_cm":498941,"minecraft:drop":73,"minecraft:damage_dealt":1648,"minecraft:swim_one_cm":9652,"minecraft:player_kills":4,"minecraft:fly_one_cm":339857,"minecraft:open_chest":23,"minecraft:play_time":130716,"minecraft:crouch_one_cm":17465,"tombstone:undead_killed":1,"minecraft:deaths":4,"minecraft:sneak_time":4049,"minecraft:walk_under_water_one_cm":488,"minecraft:jump":1861,"minecraft:walk_on_water_one_cm":4353,"minecraft:total_world_time":130716,"minecraft:fall_one_cm":41575},"minecraft:mined":{"iceandfire:silver_ore":38,"quark:oak_chest":1,"minecraft:crafting_table":1,"minecraft:granite":361,"minecraft:grass_block":1,"minecraft:campfire":2,"minecraft:copper_ore":70,"minecraft:cobblestone":53,"minecraft:lapis_ore":15,"minecraft:oak_planks":2,"minecraft:sugar_cane":2,"minecraft:diorite":1317,"minecraft:iron_ore":9,"minecraft:andesite":754,"minecraft:yellow_bed":2,"minecraft:grass":1,"minecraft:oak_log":25,"minecraft:coal_ore":133,"luminousworld:ishstone":452,"minecraft:sand":3,"minecraft:gravel":36,"minecraft:dirt":202,"luminousworld:grassvariant_3":1,"minecraft:stone":7397,"minecraft:stone_bricks":1}},"DataVersion":3465}