{"stats":{"minecraft:crafted":{"minecraft:oak_planks":356,"minecraft:cobblestone_slab":12,"quark:birch_chest":3,"vanillaplustools:stone_hammer":24,"minecraft:furnace":8,"quark:birch_ladder":64,"minecraft:stone":639,"minecraft:iron_boots":1,"luminousworld:white_oak_plank":44,"minecraft:stone_pickaxe":221,"minecraft:cooked_rabbit":4,"minecraft:wheat":27,"minecraft:crafting_table":3,"minecraft:iron_helmet":1,"minecraft:wooden_pickaxe":1,"minecraft:baked_potato":19,"minecraft:birch_planks":24,"minecraft:stone_axe":2,"minecraft:bread":21,"minecraft:air":0,"minecraft:iron_chestplate":1,"minecraft:stick":692,"quark:oak_chest":4,"minecraft:iron_ingot":23,"minecraft:wooden_axe":1,"minecraft:torch":76},"minecraft:dropped":{"minecraft:iron_ingot":6,"iceandfire:raw_silver":39,"minecraft:lapis_lazuli":64,"luminousworld:ishstone":260,"minecraft:crafting_table":1,"minecraft:oak_fence":1,"minecraft:cobblestone":593,"minecraft:lantern":2,"minecraft:apple":2,"minecraft:granite":191,"minecraft:coal":55,"minecraft:stick":65,"minecraft:flint":2,"minecraft:diorite":1406,"minecraft:torch":8,"minecraft:wooden_axe":1,"minecraft:white_wool":3,"minecraft:gravel":21,"minecraft:stone_axe":2,"vanillaplustools:stone_shovel":1,"minecraft:cobbled_deepslate":18,"minecraft:rotten_flesh":3,"minecraft:oak_planks":23,"luminousworld:grassflowers":1,"minecraft:cobblestone_slab":12,"minecraft:andesite":368,"quark:birch_ladder":17,"vanillaplustools:stone_hammer":7,"minecraft:stone_bricks":1,"minecraft:wooden_pickaxe":2,"minecraft:stone_pickaxe":3},"minecraft:broken":{"minecraft:stone_pickaxe":2,"vanillaplustools:stone_hammer":10,"minecraft:stone_axe":2,"minecraft:wooden_axe":1},"minecraft:killed":{"enemyexpansion:faller":1,"minecraft:silverfish":1,"undead_revamp2:thespitter":1,"enemyexpansion:vampflyer":2,"minecraft:pig":3,"luminousworld:savannah_skeleton":1,"undead_revamp2:thesomnolence":1,"iceandfire:ghost":1,"enemyexpansion:vampire":1,"alexsmobs:terrapin":2},"minecraft:used":{"quark:birch_chest":3,"minecraft:stone":251,"vanillaplustools:stone_hammer":1521,"minecraft:torch":91,"minecraft:carrot":3,"minecraft:granite":3,"minecraft:wooden_axe":48,"quark:birch_ladder":38,"minecraft:beef":2,"minecraft:furnace":14,"minecraft:stone_pickaxe":590,"minecraft:baked_potato":10,"minecraft:oak_planks":1,"minecraft:wooden_pickaxe":39,"minecraft:crafting_table":6,"vanillaplustools:stone_shovel":3,"minecraft:apple":5,"minecraft:bread":19,"tombstone:magic_scroll":4,"minecraft:stone_axe":160,"minecraft:cobblestone":244,"minecraft:porkchop":1,"minecraft:cooked_porkchop":1,"minecraft:cooked_rabbit":4,"minecraft:andesite":41,"minecraft:yellow_bed":3,"quark:oak_chest":6},"minecraft:picked_up":{"minecraft:wooden_axe":1,"minecraft:charcoal":9,"born_in_chaos_v1:diamond_termite_shard":1,"minecraft:crafting_table":4,"minecraft:wheat":39,"minecraft:ladder":13,"minecraft:wooden_pickaxe":1,"minecraft:oak_stairs":1,"minecraft:stone_brick_wall":1,"luminousworld:bao_bob_wood":1,"minecraft:raw_copper":320,"minecraft:iron_leggings":1,"vanillaplustools:stone_shovel":1,"minecraft:cobbled_deepslate":17,"minecraft:beef":2,"minecraft:sugar_cane":5,"luminousworld:white_oak_plank":9,"minecraft:furnace":6,"minecraft:stick":3,"minecraft:raw_iron":14,"minecraft:oak_fence":1,"minecraft:torch":23,"sophisticatedbackpacks:backpack":1,"minecraft:porkchop":6,"minecraft:diorite":1830,"minecraft:carrot":3,"luminousworld:baobab_plank":36,"luminousworld:grassflowers":2,"minecraft:stone_sword":1,"minecraft:rotten_flesh":1,"minecraft:beetroot_seeds":2,"minecraft:hay_block":3,"minecraft:gold_ingot":23,"minecraft:mutton":2,"minecraft:white_wool":3,"minecraft:cobblestone":5697,"minecraft:birch_log":6,"minecraft:air":0,"minecraft:andesite":543,"luminousworld:ishstone":440,"minecraft:birch_planks":9,"minecraft:flint":8,"minecraft:oak_log":92,"minecraft:yellow_bed":3,"minecraft:gunpowder":11,"minecraft:lapis_lazuli":146,"minecraft:dirt":68,"minecraft:lantern":3,"minecraft:cooked_mutton":2,"minecraft:apple":1,"minecraft:stone_bricks":1,"minecraft:wheat_seeds":133,"minecraft:stone_pickaxe":6,"minecraft:rabbit":4,"minecraft:oak_planks":3,"minecraft:book":3,"minecraft:cooked_porkchop":1,"minecraft:gravel":43,"alexsmobs:animal_dictionary":1,"quark:oak_chest":2,"luminousworld:whiteoaklog":9,"quark:birch_ladder":8,"minecraft:stone_axe":2,"minecraft:granite":553,"vanillaplustools:stone_hammer":8,"minecraft:bread":5,"tombstone:magic_scroll":1,"minecraft:coal":183,"iceandfire:raw_silver":77},"minecraft:killed_by":{"minecraft:player":2,"undead_revamp2:thesomnolence":2,"enemyexpansion:troll":1,"enemyexpansion:vampflyer":1,"enemyexpansion:invisicreeper":3},"minecraft:custom":{"minecraft:mob_kills":16,"minecraft:interact_with_crafting_table":30,"minecraft:leave_game":4,"minecraft:time_since_death":18071,"minecraft:climb_one_cm":44447,"minecraft:sprint_one_cm":280353,"minecraft:walk_one_cm":743700,"minecraft:drop":103,"minecraft:play_time":214664,"minecraft:deaths":10,"minecraft:sneak_time":12553,"minecraft:walk_under_water_one_cm":4168,"minecraft:jump":3170,"minecraft:walk_on_water_one_cm":11255,"minecraft:total_world_time":214664,"minecraft:interact_with_furnace":70,"minecraft:sleep_in_bed":6,"minecraft:time_since_rest":17873,"minecraft:damage_taken":4905,"minecraft:damage_dealt":3954,"minecraft:swim_one_cm":15031,"minecraft:player_kills":4,"minecraft:fly_one_cm":583006,"minecraft:open_chest":87,"minecraft:crouch_one_cm":45080,"tombstone:undead_killed":6,"minecraft:fall_one_cm":74425},"minecraft:mined":{"minecraft:white_bed":1,"luminousworld:yellowpetunias":1,"iceandfire:silver_ore":38,"luminousworld:grassvariant_4":2,"minecraft:ladder":12,"minecraft:granite":569,"minecraft:grass_block":1,"luminousworld:grassvariant_2":1,"minecraft:hay_block":3,"minecraft:furnace":6,"minecraft:iron_ore":13,"minecraft:cobbled_deepslate":14,"minecraft:fire":15,"minecraft:andesite":801,"minecraft:oak_stairs":1,"minecraft:stone":8508,"minecraft:white_wool":2,"quark:oak_chest":1,"minecraft:oak_fence":1,"minecraft:crafting_table":3,"minecraft:campfire":2,"minecraft:copper_ore":81,"minecraft:cobblestone":218,"minecraft:lapis_ore":15,"minecraft:sugar_cane":2,"minecraft:oak_planks":2,"minecraft:diorite":1713,"luminousworld:whiteoaklog":11,"minecraft:birch_log":6,"minecraft:yellow_bed":3,"quark:birch_ladder":1,"minecraft:grass":2,"minecraft:oak_log":88,"minecraft:coal_ore":135,"luminousworld:ishstone":613,"minecraft:gravel":62,"minecraft:sand":3,"minecraft:dirt":205,"luminousworld:grassvariant_3":1,"minecraft:stone_bricks":1,"minecraft:oak_leaves":2}},"DataVersion":3465}