{"stats":{"minecraft:crafted":{"minecraft:oak_planks":356,"minecraft:cobblestone_slab":12,"quark:birch_chest":2,"vanillaplustools:stone_hammer":9,"minecraft:crafting_table":3,"minecraft:wooden_pickaxe":1,"minecraft:iron_helmet":1,"minecraft:birch_planks":24,"minecraft:stone_axe":2,"minecraft:bread":9,"minecraft:air":0,"minecraft:iron_chestplate":1,"minecraft:iron_boots":1,"luminousworld:white_oak_plank":36,"minecraft:stick":336,"quark:oak_chest":4,"minecraft:iron_ingot":23,"minecraft:stone_pickaxe":86,"minecraft:wooden_axe":1,"minecraft:torch":76,"minecraft:cooked_rabbit":4,"minecraft:wheat":27},"minecraft:dropped":{"minecraft:gravel":21,"minecraft:iron_ingot":6,"minecraft:stone_axe":2,"minecraft:cobbled_deepslate":18,"luminousworld:ishstone":196,"minecraft:crafting_table":1,"minecraft:cobblestone":526,"minecraft:oak_planks":23,"minecraft:apple":2,"minecraft:granite":65,"minecraft:coal":55,"minecraft:stick":65,"minecraft:cobblestone_slab":12,"minecraft:diorite":1027,"minecraft:wooden_axe":1,"minecraft:andesite":368,"vanillaplustools:stone_hammer":4,"minecraft:stone_bricks":1,"minecraft:wooden_pickaxe":2,"minecraft:stone_pickaxe":2},"minecraft:killed":{"minecraft:pig":3,"luminousworld:savannah_skeleton":1,"iceandfire:ghost":1,"enemyexpansion:vampire":1,"alexsmobs:terrapin":2,"minecraft:silverfish":1,"undead_revamp2:thespitter":1,"enemyexpansion:vampflyer":1},"minecraft:used":{"quark:birch_chest":2,"minecraft:stone_pickaxe":360,"minecraft:oak_planks":1,"minecraft:wooden_pickaxe":39,"vanillaplustools:stone_hammer":1283,"minecraft:torch":76,"minecraft:crafting_table":4,"minecraft:carrot":3,"minecraft:granite":3,"minecraft:wooden_axe":48,"minecraft:apple":5,"minecraft:bread":9,"tombstone:magic_scroll":4,"minecraft:stone_axe":114,"minecraft:cobblestone":81,"minecraft:beef":2,"minecraft:porkchop":1,"minecraft:cooked_porkchop":1,"minecraft:cooked_rabbit":4,"minecraft:andesite":35,"minecraft:yellow_bed":2,"quark:oak_chest":5},"minecraft:broken":{"minecraft:stone_pickaxe":1,"vanillaplustools:stone_hammer":9,"minecraft:stone_axe":1,"minecraft:wooden_axe":1},"minecraft:picked_up":{"minecraft:wooden_axe":1,"minecraft:birch_log":6,"minecraft:charcoal":6,"minecraft:crafting_table":3,"born_in_chaos_v1:diamond_termite_shard":1,"minecraft:wheat":38,"minecraft:air":0,"minecraft:andesite":385,"luminousworld:ishstone":237,"minecraft:wooden_pickaxe":1,"minecraft:flint":2,"minecraft:oak_log":89,"minecraft:yellow_bed":2,"minecraft:gunpowder":1,"minecraft:lapis_lazuli":104,"minecraft:dirt":7,"minecraft:lantern":1,"minecraft:raw_copper":165,"minecraft:iron_leggings":1,"minecraft:apple":1,"minecraft:stone_bricks":1,"minecraft:wheat_seeds":61,"minecraft:cobbled_deepslate":9,"minecraft:beef":2,"minecraft:stone_pickaxe":1,"minecraft:rabbit":4,"minecraft:sugar_cane":5,"minecraft:oak_planks":2,"minecraft:stick":3,"minecraft:raw_iron":14,"minecraft:cooked_porkchop":1,"minecraft:torch":17,"minecraft:gravel":21,"minecraft:porkchop":6,"minecraft:diorite":1007,"minecraft:carrot":3,"quark:oak_chest":1,"luminousworld:whiteoaklog":9,"luminousworld:grassflowers":1,"minecraft:rotten_flesh":1,"minecraft:stone_axe":2,"minecraft:beetroot_seeds":1,"minecraft:hay_block":3,"minecraft:granite":242,"vanillaplustools:stone_hammer":6,"tombstone:magic_scroll":1,"minecraft:mutton":2,"minecraft:coal":144,"iceandfire:raw_silver":38,"minecraft:cobblestone":2828},"minecraft:killed_by":{"minecraft:player":2,"enemyexpansion:troll":1,"enemyexpansion:vampflyer":1,"enemyexpansion:invisicreeper":1},"minecraft:custom":{"minecraft:interact_with_furnace":13,"minecraft:mob_kills":11,"minecraft:interact_with_crafting_table":17,"minecraft:leave_game":3,"minecraft:time_since_death":4399,"minecraft:sleep_in_bed":3,"minecraft:climb_one_cm":12837,"minecraft:time_since_rest":4226,"minecraft:sprint_one_cm":187957,"minecraft:damage_taken":2252,"minecraft:walk_one_cm":541612,"minecraft:drop":73,"minecraft:damage_dealt":2904,"minecraft:swim_one_cm":10650,"minecraft:player_kills":4,"minecraft:fly_one_cm":363660,"minecraft:open_chest":27,"minecraft:play_time":142716,"minecraft:crouch_one_cm":21126,"tombstone:undead_killed":5,"minecraft:deaths":5,"minecraft:sneak_time":4878,"minecraft:walk_under_water_one_cm":1330,"minecraft:jump":2043,"minecraft:walk_on_water_one_cm":8926,"minecraft:total_world_time":142716,"minecraft:fall_one_cm":46661},"minecraft:mined":{"luminousworld:yellowpetunias":1,"iceandfire:silver_ore":38,"luminousworld:grassvariant_4":2,"quark:oak_chest":1,"minecraft:crafting_table":2,"minecraft:granite":361,"minecraft:grass_block":1,"minecraft:campfire":2,"luminousworld:grassvariant_2":1,"minecraft:copper_ore":70,"minecraft:cobblestone":53,"minecraft:lapis_ore":15,"minecraft:oak_planks":2,"minecraft:sugar_cane":2,"minecraft:diorite":1317,"luminousworld:whiteoaklog":11,"minecraft:hay_block":3,"minecraft:birch_log":6,"minecraft:iron_ore":13,"minecraft:andesite":754,"minecraft:yellow_bed":2,"minecraft:grass":2,"minecraft:oak_log":88,"minecraft:coal_ore":133,"luminousworld:ishstone":452,"minecraft:sand":3,"minecraft:gravel":36,"minecraft:dirt":202,"luminousworld:grassvariant_3":1,"minecraft:stone":7402,"minecraft:stone_bricks":1,"minecraft:oak_leaves":2}},"DataVersion":3465}