{"stats":{"minecraft:dropped":{"minecraft:porkchop":7,"luminousworld:white_oak_plank":12,"tombstone:grave_key":1,"minecraft:glistering_melon_slice":4},"minecraft:crafted":{"minecraft:oak_planks":4,"minecraft:crafting_table":3,"luminousworld:white_oak_plank":12,"minecraft:stick":12,"minecraft:wooden_pickaxe":1,"minecraft:wooden_axe":3,"minecraft:birch_planks":156},"minecraft:killed":{"minecraft:pig":8,"minecraft:cow":1},"minecraft:broken":{"minecraft:wooden_axe":1},"minecraft:used":{"minecraft:wooden_axe":65,"minecraft:birch_planks":171,"minecraft:beef":1,"minecraft:crafting_table":3,"minecraft:porkchop":2,"tombstone:gift":3},"minecraft:picked_up":{"minecraft:birch_log":40,"minecraft:stick":8,"minecraft:leather":1,"minecraft:birch_planks":135,"minecraft:porkchop":19,"minecraft:oak_log":1,"minecraft:dirt":4,"luminousworld:whiteoaklog":3,"luminousworld:white_oak_sapling":2,"minecraft:rotten_flesh":3,"minecraft:beef":1,"minecraft:birch_sapling":1},"minecraft:killed_by":{"iceandfire:ghost":2},"minecraft:custom":{"minecraft:time_since_rest":23434,"minecraft:sprint_one_cm":33678,"minecraft:damage_taken":694,"minecraft:walk_one_cm":61254,"minecraft:mob_kills":9,"minecraft:drop":13,"minecraft:damage_dealt":1776,"minecraft:swim_one_cm":678,"minecraft:interact_with_crafting_table":5,"minecraft:fly_one_cm":43462,"minecraft:player_kills":1,"minecraft:open_chest":3,"minecraft:crouch_one_cm":18322,"minecraft:play_time":27808,"minecraft:deaths":2,"minecraft:sneak_time":3868,"minecraft:walk_under_water_one_cm":87,"minecraft:boat_one_cm":133858,"minecraft:jump":369,"minecraft:time_since_death":24074,"minecraft:walk_on_water_one_cm":4875,"minecraft:total_world_time":27808,"minecraft:fall_one_cm":11480},"minecraft:mined":{"luminousworld:white_petunias":1,"luminousworld:whiteoaklog":3,"minecraft:birch_planks":7,"minecraft:kelp_plant":1,"minecraft:birch_log":41,"minecraft:birch_leaves":2,"minecraft:grass":1,"minecraft:grass_block":3,"minecraft:oak_log":1,"minecraft:dirt":1,"luminousworld:whiteoakleaves":28,"minecraft:kelp":3,"minecraft:oak_leaves":1}},"DataVersion":3465}