{"stats":{"minecraft:crafted":{"minecraft:oak_planks":548,"minecraft:cobblestone_slab":12,"quark:birch_chest":5,"quark:birch_ladder":64,"minecraft:stone":1029,"minecraft:iron_boots":1,"minecraft:oak_fence":6,"minecraft:cooked_rabbit":4,"minecraft:oak_slab":294,"sophisticatedbackpacks:backpack":1,"minecraft:crafting_table":3,"minecraft:wooden_pickaxe":1,"minecraft:baked_potato":39,"minecraft:iron_helmet":1,"minecraft:birch_planks":24,"minecraft:string":4,"minecraft:iron_chestplate":1,"minecraft:stick":692,"minecraft:stone_slab":1074,"quark:oak_chest":6,"minecraft:iron_ingot":63,"minecraft:gold_ingot":18,"minecraft:coal":27,"vanillaplustools:stone_hammer":24,"minecraft:furnace":13,"minecraft:bone_meal":3,"luminousworld:white_oak_plank":44,"minecraft:stone_pickaxe":221,"minecraft:wheat":189,"sophisticatedbackpacks:iron_backpack":2,"sophisticatedbackpacks:gold_backpack":2,"minecraft:bucket":1,"minecraft:stone_axe":2,"minecraft:bread":51,"minecraft:air":0,"minecraft:wooden_axe":1,"minecraft:torch":76},"minecraft:dropped":{"iceandfire:raw_silver":39,"minecraft:porkchop":5,"minecraft:birch_planks":16,"minecraft:lapis_lazuli":64,"minecraft:oak_log":32,"minecraft:baked_potato":8,"minecraft:crafting_table":1,"ecologics:coconut_slice":4,"minecraft:lantern":2,"sophisticatedbackpacks:gold_backpack":1,"minecraft:flint":2,"minecraft:dirt":6,"minecraft:seagrass":4,"minecraft:sunflower":1,"minecraft:white_wool":3,"minecraft:gravel":21,"minecraft:stone_axe":2,"vanillaplustools:stone_shovel":1,"minecraft:cobbled_deepslate":18,"born_in_chaos_v1:ethereal_spirit":1,"minecraft:rotten_flesh":3,"minecraft:oak_planks":45,"minecraft:carrot":12,"supplementaries:ash":1,"luminousworld:grassflowers":1,"supplementaries:cartographers_quill":3,"minecraft:gunpowder":1,"minecraft:beetroot_seeds":1,"born_in_chaos_v1:corpse_maggot":4,"vanillaplustools:stone_hammer":7,"minecraft:arrow":4,"minecraft:iron_ingot":23,"minecraft:wheat_seeds":66,"luminousworld:ishstone":260,"minecraft:feather":16,"minecraft:oak_fence":2,"minecraft:iron_helmet":2,"minecraft:cobblestone":707,"minecraft:apple":2,"minecraft:granite":191,"minecraft:grass_block":1,"minecraft:coal":58,"minecraft:stick":77,"minecraft:diorite":1406,"minecraft:ink_sac":4,"minecraft:torch":9,"naturalist:bass":5,"minecraft:wooden_axe":1,"born_in_chaos_v1:fused_bone":1,"tombstone:grave_dust":5,"minecraft:iron_leggings":1,"minecraft:chicken":6,"minecraft:iron_boots":2,"sophisticatedbackpacks:backpack":1,"minecraft:cobblestone_slab":12,"minecraft:stone":18,"minecraft:iron_chestplate":1,"minecraft:andesite":496,"born_in_chaos_v1:spiny_shell":2,"quark:birch_ladder":17,"minecraft:stone_bricks":1,"minecraft:bow":3,"minecraft:stone_pickaxe":4,"minecraft:wooden_pickaxe":2,"naturalist:duck":4},"minecraft:broken":{"minecraft:stone_pickaxe":2,"minecraft:stone_axe":2,"minecraft:wooden_axe":1,"vanillaplustools:stone_hammer":11,"minecraft:iron_axe":1},"minecraft:killed":{"born_in_chaos_v1:restless_spirit":1,"undead_revamp2:thesmoker":2,"born_in_chaos_v1:siamese_skeletonsright":1,"minecraft:skeleton":2,"luminousworld:dark_oak_skeleton":2,"minecraft:chicken":3,"minecraft:silverfish":1,"undead_revamp2:thespitter":1,"enemyexpansion:vampflyer":2,"minecraft:pig":6,"minecraft:sheep":3,"luminousworld:savannah_skeleton":1,"minecraft:zombie":3,"born_in_chaos_v1:dread_hound":1,"enemyexpansion:vampire":1,"alexsmobs:terrapin":2,"born_in_chaos_v1:corpse_fly":4,"luminousworld:dark_oak_zombie":3,"undead_revamp2:theimmortal":10,"enemyexpansion:direwolf":4,"naturalist:duck":2,"born_in_chaos_v1:maggot":3,"enemyexpansion:faller":1,"alexsmobs:blue_jay":1,"naturalist:bass":5,"undead_revamp2:sucker":1,"born_in_chaos_v1:barrel_zombie":1,"born_in_chaos_v1:baby_skeleton":2,"born_in_chaos_v1:swarmer":1,"undead_revamp2:the_moonflower":2,"enemyexpansion:sprinter":1,"born_in_chaos_v1:bloody_gadfly":1,"undead_revamp2:thesomnolence":1,"iceandfire:ghost":4,"minecraft:enderman":1},"minecraft:used":{"minecraft:beetroot":4,"minecraft:shield":8,"minecraft:stone":293,"minecraft:iron_sword":151,"minecraft:carrot":37,"born_in_chaos_v1:corpse_maggot":7,"quark:birch_ladder":38,"minecraft:lantern":3,"minecraft:grass_block":1,"minecraft:item_frame":2,"minecraft:bow":5,"minecraft:furnace":18,"minecraft:oak_sapling":6,"minecraft:egg":10,"minecraft:stone_pickaxe":655,"minecraft:oak_planks":1,"minecraft:wooden_pickaxe":39,"minecraft:white_wool":1,"minecraft:bread":64,"minecraft:cooked_rabbit":4,"minecraft:andesite":41,"minecraft:bone_meal":3,"minecraft:oak_fence":23,"quark:birch_chest":5,"vanillaplustools:stone_hammer":1605,"minecraft:torch":111,"minecraft:dirt":166,"minecraft:spruce_fence":1,"minecraft:granite":3,"minecraft:wooden_axe":48,"minecraft:iron_axe":173,"minecraft:beef":2,"tombstone:gift":1,"minecraft:baked_potato":27,"minecraft:oak_slab":215,"minecraft:crafting_table":6,"vanillaplustools:stone_shovel":3,"minecraft:apple":6,"tombstone:magic_scroll":4,"minecraft:stone_slab":1045,"minecraft:stone_axe":160,"minecraft:cobblestone":262,"minecraft:cooked_porkchop":1,"minecraft:porkchop":1,"minecraft:bucket":1,"minecraft:yellow_bed":3,"quark:oak_chest":7},"minecraft:picked_up":{"minecraft:wooden_axe":1,"minecraft:seagrass":4,"minecraft:iron_chestplate":1,"minecraft:wheat":74,"minecraft:stone_slab":181,"minecraft:oak_stairs":1,"minecraft:string":2,"minecraft:raw_copper":320,"minecraft:iron_leggings":2,"minecraft:beetroot":6,"vanillaplustools:stone_shovel":1,"minecraft:cobbled_deepslate":17,"minecraft:coal_block":3,"minecraft:furnace":6,"minecraft:iron_boots":2,"minecraft:stick":24,"iceandfire:ghost_chest":1,"minecraft:oak_fence":38,"minecraft:torch":49,"quark:blossom_log":8,"minecraft:porkchop":16,"iceandfire:rotten_egg":1,"tombstone:grave_dust":7,"minecraft:diorite":1830,"luminousworld:grassflowers":2,"minecraft:stone_sword":1,"minecraft:rotten_flesh":16,"supplementaries:ash":1,"minecraft:cobblestone":5829,"minecraft:birch_log":6,"minecraft:feather":16,"minecraft:andesite":607,"minecraft:golden_leggings":1,"minecraft:potato":20,"minecraft:flint":13,"minecraft:dirt":224,"minecraft:lapis_lazuli":146,"minecraft:lantern":11,"born_in_chaos_v1:monster_skin":1,"minecraft:bone":6,"supplementaries:cartographers_quill":2,"minecraft:bow":6,"minecraft:wheat_seeds":278,"minecraft:raw_gold":18,"minecraft:rabbit":4,"minecraft:oak_planks":26,"minecraft:cooked_porkchop":1,"minecraft:ink_sac":4,"minecraft:grass_block":3,"alexsmobs:animal_dictionary":1,"quark:birch_ladder":8,"minecraft:granite":553,"minecraft:bread":23,"minecraft:oak_sapling":9,"iceandfire:raw_silver":77,"minecraft:charcoal":9,"minecraft:crafting_table":4,"born_in_chaos_v1:diamond_termite_shard":1,"minecraft:chicken":6,"minecraft:ladder":13,"minecraft:wooden_pickaxe":1,"minecraft:stone_brick_wall":1,"luminousworld:bao_bob_wood":1,"minecraft:shield":1,"minecraft:iron_axe":1,"minecraft:item_frame":2,"minecraft:beef":2,"minecraft:sugar_cane":5,"luminousworld:white_oak_plank":9,"minecraft:egg":11,"minecraft:raw_iron":14,"naturalist:duck":4,"minecraft:stone":12,"ecologics:coconut_slice":4,"sophisticatedbackpacks:backpack":2,"minecraft:spruce_fence":1,"minecraft:carrot":58,"luminousworld:baobab_plank":36,"minecraft:arrow":5,"minecraft:beetroot_seeds":15,"minecraft:hay_block":21,"born_in_chaos_v1:spiny_shell":2,"minecraft:gold_ingot":23,"minecraft:mutton":8,"minecraft:white_wool":7,"born_in_chaos_v1:fused_bone":2,"born_in_chaos_v1:corpse_maggot":11,"minecraft:air":0,"born_in_chaos_v1:monster_flesh":1,"luminousworld:ishstone":440,"minecraft:leather":4,"minecraft:birch_planks":25,"minecraft:oak_log":195,"minecraft:yellow_bed":3,"minecraft:gunpowder":12,"naturalist:bass":5,"minecraft:cooked_mutton":2,"minecraft:apple":2,"minecraft:stone_bricks":1,"minecraft:stone_pickaxe":6,"minecraft:iron_sword":1,"minecraft:book":3,"minecraft:oak_slab":5,"born_in_chaos_v1:ethereal_spirit":1,"minecraft:gravel":43,"quark:oak_chest":2,"luminousworld:whiteoaklog":9,"minecraft:stone_axe":2,"minecraft:iron_helmet":2,"vanillaplustools:stone_hammer":8,"minecraft:baked_potato":8,"tombstone:magic_scroll":2,"minecraft:coal":207,"minecraft:ender_pearl":1,"minecraft:sunflower":1},"minecraft:killed_by":{"undead_revamp2:clogger":1,"enemyexpansion:vampflyer":1,"enemyexpansion:invisicreeper":3,"minecraft:player":2,"undead_revamp2:thesomnolence":2,"minecraft:skeleton":2,"enemyexpansion:troll":1},"minecraft:custom":{"minecraft:animals_bred":9,"minecraft:interact_with_crafting_table":53,"minecraft:leave_game":6,"minecraft:time_since_death":6705,"minecraft:sprint_one_cm":643759,"minecraft:damage_blocked_by_shield":465,"minecraft:drop":179,"minecraft:play_time":352088,"minecraft:deaths":13,"minecraft:jump":6132,"minecraft:walk_on_water_one_cm":45365,"minecraft:interact_with_furnace":155,"minecraft:sleep_in_bed":9,"minecraft:damage_dealt":17803,"minecraft:player_kills":4,"minecraft:crouch_one_cm":60064,"tombstone:undead_killed":40,"minecraft:mob_kills":84,"minecraft:damage_dealt_resisted":45,"minecraft:climb_one_cm":71750,"minecraft:walk_one_cm":1189992,"minecraft:sneak_time":16077,"minecraft:walk_under_water_one_cm":27691,"minecraft:total_world_time":352088,"minecraft:time_since_rest":5699,"minecraft:damage_taken":8699,"minecraft:trigger_trapped_chest":3,"minecraft:swim_one_cm":113085,"minecraft:fly_one_cm":1180377,"minecraft:open_chest":145,"minecraft:fall_one_cm":159272},"minecraft:mined":{"minecraft:white_bed":1,"minecraft:oak_sapling":1,"luminousworld:yellowpetunias":1,"minecraft:granite":569,"minecraft:grass_block":75,"minecraft:coal_block":3,"minecraft:iron_ore":13,"minecraft:cobbled_deepslate":14,"minecraft:fire":15,"minecraft:oak_stairs":1,"minecraft:torch":24,"iceandfire:ghost_chest":1,"minecraft:cobblestone":234,"minecraft:sugar_cane":2,"minecraft:oak_planks":3,"minecraft:wall_torch":2,"minecraft:birch_log":6,"minecraft:grass":9,"quark:birch_ladder":1,"minecraft:oak_log":160,"minecraft:sand":3,"minecraft:dirt":275,"luminousworld:grassvariant_3":2,"minecraft:oak_leaves":8,"iceandfire:silver_ore":38,"luminousworld:grassvariant_4":2,"minecraft:ladder":12,"minecraft:spruce_fence":1,"luminousworld:grassvariant_2":4,"minecraft:hay_block":21,"minecraft:furnace":6,"minecraft:andesite":803,"minecraft:lantern":8,"minecraft:stone":8573,"minecraft:white_wool":3,"minecraft:oak_slab":4,"quark:oak_chest":1,"minecraft:oak_fence":7,"minecraft:crafting_table":3,"minecraft:campfire":2,"minecraft:stone_slab":176,"minecraft:tall_grass":4,"minecraft:copper_ore":81,"minecraft:lapis_ore":15,"minecraft:diorite":1713,"luminousworld:whiteoaklog":11,"minecraft:yellow_bed":3,"minecraft:coal_ore":156,"luminousworld:ishstone":613,"minecraft:sunflower":1,"minecraft:gravel":62,"minecraft:stone_bricks":1,"undead_revamp2:arapholia":1}},"DataVersion":3465}