{"stats":{"minecraft:crafted":{"minecraft:oak_planks":548,"minecraft:coal":27,"minecraft:cobblestone_slab":12,"quark:birch_chest":5,"vanillaplustools:stone_hammer":24,"minecraft:furnace":13,"quark:birch_ladder":64,"minecraft:stone":1029,"minecraft:bone_meal":3,"minecraft:iron_boots":1,"luminousworld:white_oak_plank":44,"minecraft:stone_pickaxe":221,"minecraft:oak_fence":6,"minecraft:cooked_rabbit":4,"sophisticatedbackpacks:iron_backpack":2,"minecraft:wheat":189,"minecraft:oak_slab":294,"sophisticatedbackpacks:backpack":1,"minecraft:crafting_table":3,"minecraft:iron_helmet":1,"minecraft:wooden_pickaxe":1,"minecraft:baked_potato":39,"sophisticatedbackpacks:gold_backpack":2,"minecraft:bucket":1,"minecraft:birch_planks":24,"minecraft:stone_axe":2,"minecraft:bread":51,"minecraft:air":0,"minecraft:string":4,"minecraft:iron_chestplate":1,"minecraft:stone_slab":1074,"minecraft:stick":692,"quark:oak_chest":6,"minecraft:iron_ingot":63,"minecraft:wooden_axe":1,"minecraft:gold_ingot":18,"minecraft:torch":76},"minecraft:dropped":{"minecraft:iron_ingot":23,"iceandfire:raw_silver":39,"minecraft:birch_planks":16,"minecraft:wheat_seeds":64,"minecraft:lapis_lazuli":64,"minecraft:oak_log":32,"minecraft:baked_potato":8,"luminousworld:ishstone":260,"minecraft:crafting_table":1,"minecraft:oak_fence":2,"minecraft:iron_helmet":2,"minecraft:cobblestone":593,"minecraft:lantern":2,"minecraft:apple":2,"minecraft:granite":191,"minecraft:grass_block":1,"minecraft:coal":55,"minecraft:flint":2,"sophisticatedbackpacks:gold_backpack":1,"minecraft:stick":65,"minecraft:diorite":1406,"minecraft:torch":8,"naturalist:bass":5,"minecraft:wooden_axe":1,"tombstone:grave_dust":2,"minecraft:iron_leggings":1,"minecraft:sunflower":1,"minecraft:white_wool":3,"minecraft:gravel":21,"minecraft:stone_axe":2,"vanillaplustools:stone_shovel":1,"minecraft:cobbled_deepslate":18,"minecraft:rotten_flesh":3,"minecraft:oak_planks":45,"minecraft:iron_boots":2,"sophisticatedbackpacks:backpack":1,"minecraft:cobblestone_slab":12,"luminousworld:grassflowers":1,"minecraft:iron_chestplate":1,"minecraft:andesite":496,"minecraft:beetroot_seeds":1,"quark:birch_ladder":17,"vanillaplustools:stone_hammer":7,"minecraft:stone_bricks":1,"minecraft:bow":3,"minecraft:stone_pickaxe":3,"minecraft:wooden_pickaxe":2},"minecraft:broken":{"minecraft:stone_pickaxe":2,"vanillaplustools:stone_hammer":11,"minecraft:iron_axe":1,"minecraft:stone_axe":2,"minecraft:wooden_axe":1},"minecraft:killed":{"undead_revamp2:theimmortal":10,"born_in_chaos_v1:restless_spirit":1,"undead_revamp2:thesmoker":2,"enemyexpansion:direwolf":4,"naturalist:duck":2,"born_in_chaos_v1:siamese_skeletonsright":1,"born_in_chaos_v1:maggot":1,"minecraft:skeleton":2,"enemyexpansion:faller":1,"alexsmobs:blue_jay":1,"luminousworld:dark_oak_skeleton":2,"naturalist:bass":5,"minecraft:silverfish":1,"undead_revamp2:sucker":1,"undead_revamp2:thespitter":1,"enemyexpansion:vampflyer":2,"born_in_chaos_v1:barrel_zombie":1,"minecraft:pig":6,"born_in_chaos_v1:baby_skeleton":2,"born_in_chaos_v1:swarmer":1,"undead_revamp2:the_moonflower":2,"minecraft:sheep":3,"born_in_chaos_v1:bloody_gadfly":1,"luminousworld:savannah_skeleton":1,"undead_revamp2:thesomnolence":1,"minecraft:zombie":3,"iceandfire:ghost":4,"born_in_chaos_v1:dread_hound":1,"enemyexpansion:vampire":1,"alexsmobs:terrapin":2,"born_in_chaos_v1:corpse_fly":4,"luminousworld:dark_oak_zombie":3,"minecraft:enderman":1},"minecraft:used":{"minecraft:oak_fence":23,"minecraft:beetroot":4,"quark:birch_chest":5,"minecraft:shield":6,"minecraft:iron_sword":131,"minecraft:stone":293,"vanillaplustools:stone_hammer":1605,"minecraft:torch":111,"minecraft:dirt":166,"minecraft:carrot":37,"minecraft:granite":3,"minecraft:spruce_fence":1,"minecraft:wooden_axe":48,"born_in_chaos_v1:corpse_maggot":7,"quark:birch_ladder":38,"minecraft:lantern":3,"minecraft:iron_axe":173,"minecraft:grass_block":1,"minecraft:item_frame":2,"minecraft:beef":2,"minecraft:bow":5,"minecraft:oak_sapling":6,"minecraft:furnace":18,"tombstone:gift":1,"minecraft:egg":10,"minecraft:stone_pickaxe":655,"minecraft:baked_potato":27,"minecraft:oak_planks":1,"minecraft:wooden_pickaxe":39,"minecraft:white_wool":1,"minecraft:oak_slab":215,"minecraft:crafting_table":6,"vanillaplustools:stone_shovel":3,"minecraft:apple":6,"minecraft:bread":58,"tombstone:magic_scroll":4,"minecraft:stone_slab":1045,"minecraft:stone_axe":160,"minecraft:cobblestone":262,"minecraft:porkchop":1,"minecraft:cooked_porkchop":1,"minecraft:cooked_rabbit":4,"minecraft:andesite":41,"minecraft:bucket":1,"minecraft:yellow_bed":3,"quark:oak_chest":7,"minecraft:bone_meal":3},"minecraft:picked_up":{"minecraft:wooden_axe":1,"minecraft:charcoal":9,"born_in_chaos_v1:diamond_termite_shard":1,"minecraft:iron_chestplate":1,"minecraft:crafting_table":4,"minecraft:wheat":74,"minecraft:ladder":13,"minecraft:stone_slab":181,"minecraft:wooden_pickaxe":1,"minecraft:stone_brick_wall":1,"minecraft:oak_stairs":1,"luminousworld:bao_bob_wood":1,"minecraft:shield":1,"minecraft:string":2,"minecraft:raw_copper":320,"minecraft:iron_axe":1,"minecraft:iron_leggings":2,"minecraft:item_frame":2,"minecraft:beetroot":6,"vanillaplustools:stone_shovel":1,"minecraft:cobbled_deepslate":17,"minecraft:beef":2,"minecraft:sugar_cane":5,"minecraft:coal_block":3,"luminousworld:white_oak_plank":9,"minecraft:egg":11,"minecraft:iron_boots":2,"minecraft:furnace":6,"naturalist:duck":2,"minecraft:raw_iron":14,"minecraft:stick":18,"iceandfire:ghost_chest":1,"ecologics:coconut_slice":2,"minecraft:oak_fence":38,"minecraft:torch":49,"minecraft:spruce_fence":1,"sophisticatedbackpacks:backpack":2,"minecraft:porkchop":11,"quark:blossom_log":8,"iceandfire:rotten_egg":1,"tombstone:grave_dust":7,"minecraft:diorite":1830,"minecraft:carrot":46,"luminousworld:baobab_plank":36,"luminousworld:grassflowers":2,"minecraft:stone_sword":1,"minecraft:arrow":3,"minecraft:rotten_flesh":16,"minecraft:beetroot_seeds":15,"minecraft:hay_block":21,"born_in_chaos_v1:spiny_shell":1,"minecraft:gold_ingot":23,"supplementaries:ash":1,"minecraft:mutton":8,"minecraft:white_wool":7,"minecraft:cobblestone":5753,"born_in_chaos_v1:fused_bone":1,"minecraft:birch_log":6,"born_in_chaos_v1:corpse_maggot":9,"minecraft:air":0,"minecraft:feather":4,"born_in_chaos_v1:monster_flesh":1,"minecraft:andesite":607,"luminousworld:ishstone":440,"minecraft:leather":4,"minecraft:golden_leggings":1,"minecraft:potato":20,"minecraft:birch_planks":25,"minecraft:flint":13,"minecraft:oak_log":195,"minecraft:yellow_bed":3,"minecraft:gunpowder":12,"minecraft:lapis_lazuli":146,"minecraft:dirt":221,"minecraft:lantern":11,"born_in_chaos_v1:monster_skin":1,"minecraft:cooked_mutton":2,"naturalist:bass":5,"minecraft:bone":6,"minecraft:apple":2,"minecraft:stone_bricks":1,"minecraft:bow":6,"minecraft:wheat_seeds":277,"minecraft:raw_gold":18,"minecraft:stone_pickaxe":6,"minecraft:rabbit":4,"minecraft:iron_sword":1,"minecraft:oak_planks":26,"minecraft:book":3,"minecraft:oak_slab":5,"minecraft:cooked_porkchop":1,"born_in_chaos_v1:ethereal_spirit":1,"minecraft:gravel":43,"minecraft:ink_sac":2,"minecraft:grass_block":3,"quark:oak_chest":2,"alexsmobs:animal_dictionary":1,"luminousworld:whiteoaklog":9,"quark:birch_ladder":8,"minecraft:stone_axe":2,"minecraft:iron_helmet":2,"minecraft:granite":553,"vanillaplustools:stone_hammer":8,"minecraft:bread":23,"minecraft:baked_potato":8,"tombstone:magic_scroll":2,"minecraft:oak_sapling":9,"minecraft:coal":204,"minecraft:seagrass":2,"iceandfire:raw_silver":77,"minecraft:sunflower":1,"minecraft:ender_pearl":1},"minecraft:killed_by":{"minecraft:player":2,"undead_revamp2:thesomnolence":2,"undead_revamp2:clogger":1,"minecraft:skeleton":1,"enemyexpansion:troll":1,"enemyexpansion:vampflyer":1,"enemyexpansion:invisicreeper":3},"minecraft:custom":{"minecraft:animals_bred":9,"minecraft:mob_kills":78,"minecraft:interact_with_crafting_table":53,"minecraft:damage_dealt_resisted":45,"minecraft:leave_game":6,"minecraft:time_since_death":1219,"minecraft:climb_one_cm":71750,"minecraft:sprint_one_cm":609483,"minecraft:walk_one_cm":1173837,"minecraft:damage_blocked_by_shield":285,"minecraft:drop":136,"minecraft:play_time":340088,"minecraft:deaths":12,"minecraft:sneak_time":15661,"minecraft:walk_under_water_one_cm":13018,"minecraft:jump":5885,"minecraft:total_world_time":340088,"minecraft:walk_on_water_one_cm":35630,"minecraft:interact_with_furnace":155,"minecraft:sleep_in_bed":9,"minecraft:time_since_rest":1,"minecraft:damage_taken":8131,"minecraft:trigger_trapped_chest":3,"minecraft:damage_dealt":16865,"minecraft:player_kills":4,"minecraft:swim_one_cm":70605,"minecraft:fly_one_cm":1129228,"minecraft:open_chest":145,"minecraft:crouch_one_cm":57959,"tombstone:undead_killed":39,"minecraft:fall_one_cm":151345},"minecraft:mined":{"minecraft:white_bed":1,"iceandfire:silver_ore":38,"minecraft:oak_sapling":1,"luminousworld:yellowpetunias":1,"luminousworld:grassvariant_4":2,"minecraft:ladder":12,"minecraft:granite":569,"minecraft:spruce_fence":1,"minecraft:grass_block":75,"luminousworld:grassvariant_2":3,"minecraft:coal_block":3,"minecraft:hay_block":21,"minecraft:furnace":6,"minecraft:iron_ore":13,"minecraft:fire":15,"minecraft:cobbled_deepslate":14,"minecraft:andesite":803,"minecraft:oak_stairs":1,"minecraft:lantern":8,"minecraft:stone":8573,"minecraft:white_wool":3,"minecraft:oak_slab":4,"quark:oak_chest":1,"minecraft:oak_fence":7,"minecraft:crafting_table":3,"minecraft:torch":24,"iceandfire:ghost_chest":1,"minecraft:campfire":2,"minecraft:stone_slab":176,"minecraft:copper_ore":81,"minecraft:tall_grass":4,"minecraft:cobblestone":234,"minecraft:lapis_ore":15,"minecraft:oak_planks":3,"minecraft:sugar_cane":2,"minecraft:diorite":1713,"minecraft:wall_torch":2,"luminousworld:whiteoaklog":11,"minecraft:birch_log":6,"minecraft:yellow_bed":3,"minecraft:grass":9,"quark:birch_ladder":1,"minecraft:coal_ore":156,"minecraft:oak_log":160,"luminousworld:ishstone":613,"minecraft:gravel":62,"minecraft:dirt":275,"minecraft:sunflower":1,"minecraft:sand":3,"luminousworld:grassvariant_3":2,"minecraft:stone_bricks":1,"undead_revamp2:arapholia":1,"minecraft:oak_leaves":8}},"DataVersion":3465}