{"stats":{"minecraft:dropped":{"tombstone:grave_key":1},"minecraft:crafted":{"minecraft:oak_planks":4,"minecraft:crafting_table":2,"luminousworld:white_oak_plank":12,"minecraft:stick":4,"minecraft:wooden_axe":1,"minecraft:birch_planks":76},"minecraft:killed":{"minecraft:pig":8,"minecraft:cow":1},"minecraft:used":{"minecraft:wooden_axe":43,"minecraft:birch_planks":70,"minecraft:crafting_table":2,"tombstone:gift":3},"minecraft:picked_up":{"minecraft:birch_log":19,"minecraft:stick":8,"minecraft:leather":1,"minecraft:birch_planks":3,"minecraft:porkchop":15,"minecraft:oak_log":1,"minecraft:dirt":4,"luminousworld:whiteoaklog":3,"luminousworld:white_oak_sapling":1,"minecraft:beef":1},"minecraft:killed_by":{"iceandfire:ghost":2},"minecraft:custom":{"minecraft:time_since_rest":11434,"minecraft:sprint_one_cm":28112,"minecraft:damage_taken":604,"minecraft:walk_one_cm":36842,"minecraft:mob_kills":9,"minecraft:drop":1,"minecraft:damage_dealt":1251,"minecraft:swim_one_cm":678,"minecraft:interact_with_crafting_table":2,"minecraft:fly_one_cm":36903,"minecraft:player_kills":1,"minecraft:open_chest":1,"minecraft:crouch_one_cm":7448,"minecraft:play_time":15808,"minecraft:deaths":2,"minecraft:sneak_time":1353,"minecraft:walk_under_water_one_cm":87,"minecraft:boat_one_cm":133858,"minecraft:jump":252,"minecraft:time_since_death":12074,"minecraft:walk_on_water_one_cm":1891,"minecraft:total_world_time":15808,"minecraft:fall_one_cm":8095},"minecraft:mined":{"luminousworld:whiteoaklog":3,"minecraft:birch_planks":2,"minecraft:kelp_plant":1,"minecraft:birch_log":19,"minecraft:birch_leaves":1,"minecraft:grass":1,"minecraft:grass_block":3,"minecraft:oak_log":1,"minecraft:dirt":1,"luminousworld:whiteoakleaves":28,"minecraft:kelp":3,"minecraft:oak_leaves":1}},"DataVersion":3465}