{"stats":{"minecraft:dropped":{"minecraft:porkchop":7,"luminousworld:white_oak_plank":12,"tombstone:grave_key":1,"minecraft:wooden_axe":1,"minecraft:glistering_melon_slice":4},"minecraft:crafted":{"minecraft:oak_planks":4,"minecraft:cooked_porkchop":2,"minecraft:crafting_table":4,"ecologics:coconut_planks":4,"minecraft:wooden_pickaxe":1,"minecraft:birch_boat":2,"minecraft:birch_planks":296,"minecraft:stone_axe":2,"minecraft:air":0,"luminousworld:white_oak_plank":12,"minecraft:stick":16,"minecraft:stone_pickaxe":2,"minecraft:wooden_axe":3,"minecraft:birch_stairs":28},"minecraft:broken":{"minecraft:wooden_axe":1},"minecraft:killed":{"minecraft:pig":8,"alexsmobs:sugar_glider":2,"minecraft:cow":1},"minecraft:used":{"minecraft:birch_planks":341,"minecraft:stone_pickaxe":21,"minecraft:birch_boat":3,"minecraft:wooden_pickaxe":31,"minecraft:rotten_flesh":1,"minecraft:crafting_table":3,"minecraft:wooden_axe":99,"minecraft:birch_sapling":19,"minecraft:stone_axe":10,"minecraft:beef":1,"minecraft:porkchop":6,"minecraft:cooked_porkchop":4,"tombstone:gift":3,"minecraft:birch_stairs":24},"minecraft:picked_up":{"minecraft:birch_log":74,"minecraft:leather":1,"minecraft:birch_planks":137,"minecraft:oak_log":1,"minecraft:dirt":4,"minecraft:beef":1,"minecraft:sugar_cane":2,"minecraft:birch_sapling":19,"minecraft:stick":17,"minecraft:birch_boat":1,"minecraft:porkchop":19,"luminousworld:whiteoaklog":3,"luminousworld:white_oak_sapling":2,"minecraft:rotten_flesh":3,"ecologics:coconut_log":1,"minecraft:coal":21,"minecraft:cobblestone":30,"minecraft:wooden_axe":1},"minecraft:killed_by":{"iceandfire:ghost":2},"minecraft:custom":{"minecraft:interact_with_furnace":5,"minecraft:mob_kills":11,"minecraft:interact_with_crafting_table":11,"minecraft:leave_game":1,"minecraft:time_since_death":47405,"minecraft:time_since_rest":46765,"minecraft:sprint_one_cm":97723,"minecraft:damage_taken":891,"minecraft:walk_one_cm":114065,"minecraft:drop":14,"minecraft:damage_dealt":2005,"minecraft:swim_one_cm":6896,"minecraft:fly_one_cm":126196,"minecraft:player_kills":1,"minecraft:open_chest":5,"minecraft:crouch_one_cm":28684,"minecraft:play_time":51139,"minecraft:deaths":2,"minecraft:sneak_time":6193,"minecraft:walk_under_water_one_cm":971,"minecraft:boat_one_cm":276361,"minecraft:jump":772,"minecraft:walk_on_water_one_cm":16216,"minecraft:total_world_time":51139,"minecraft:fall_one_cm":24682},"minecraft:mined":{"luminousworld:white_petunias":1,"minecraft:birch_stairs":1,"minecraft:kelp_plant":1,"minecraft:grass_block":3,"luminousworld:grassvariant_2":1,"luminousworld:whiteoakleaves":28,"ecologics:coconut_log":1,"minecraft:sugar_cane":1,"minecraft:kelp":3,"luminousworld:whiteoaklog":3,"minecraft:birch_planks":9,"minecraft:birch_log":75,"minecraft:birch_leaves":2,"minecraft:grass":1,"minecraft:oak_log":1,"minecraft:coal_ore":21,"minecraft:dirt":1,"minecraft:stone":30,"minecraft:oak_leaves":1}},"DataVersion":3465}