{"stats":{"minecraft:crafted":{"minecraft:oak_planks":548,"minecraft:cobblestone_slab":12,"quark:birch_chest":5,"quark:birch_ladder":64,"minecraft:stone":1029,"minecraft:iron_boots":1,"minecraft:oak_fence":6,"minecraft:cooked_rabbit":4,"minecraft:oak_slab":294,"sophisticatedbackpacks:backpack":1,"minecraft:crafting_table":3,"minecraft:wooden_pickaxe":1,"minecraft:baked_potato":39,"minecraft:iron_helmet":1,"minecraft:birch_planks":24,"minecraft:string":4,"minecraft:iron_chestplate":1,"minecraft:stick":692,"minecraft:stone_slab":1074,"quark:oak_chest":6,"minecraft:iron_ingot":63,"minecraft:gold_ingot":18,"minecraft:coal":27,"vanillaplustools:stone_hammer":24,"minecraft:furnace":13,"minecraft:bone_meal":3,"luminousworld:white_oak_plank":44,"minecraft:stone_pickaxe":221,"minecraft:wheat":189,"sophisticatedbackpacks:iron_backpack":2,"sophisticatedbackpacks:gold_backpack":2,"minecraft:bucket":1,"minecraft:stone_axe":2,"minecraft:bread":51,"minecraft:air":0,"minecraft:wooden_axe":1,"minecraft:torch":76},"minecraft:dropped":{"minecraft:iron_sword":1,"iceandfire:raw_silver":39,"minecraft:candle":3,"minecraft:porkchop":5,"minecraft:birch_planks":16,"minecraft:lapis_lazuli":64,"minecraft:oak_log":32,"minecraft:baked_potato":8,"minecraft:crafting_table":1,"ecologics:coconut_slice":4,"minecraft:lantern":2,"minecraft:cobblestone_stairs":2,"sophisticatedbackpacks:gold_backpack":1,"minecraft:flint":2,"minecraft:dirt":6,"minecraft:seagrass":4,"minecraft:sunflower":1,"minecraft:dark_oak_planks":2,"minecraft:white_wool":3,"minecraft:gravel":21,"minecraft:stone_axe":2,"vanillaplustools:stone_shovel":1,"minecraft:cobbled_deepslate":18,"born_in_chaos_v1:ethereal_spirit":1,"minecraft:rotten_flesh":3,"minecraft:oak_planks":45,"minecraft:carrot":12,"supplementaries:ash":2,"luminousworld:grassflowers":1,"supplementaries:cartographers_quill":3,"minecraft:gunpowder":1,"minecraft:beetroot_seeds":1,"born_in_chaos_v1:corpse_maggot":4,"vanillaplustools:stone_hammer":8,"minecraft:arrow":4,"minecraft:iron_ingot":25,"minecraft:wheat_seeds":66,"luminousworld:ishstone":260,"minecraft:feather":18,"minecraft:oak_fence":2,"minecraft:iron_helmet":2,"minecraft:cobblestone":764,"minecraft:apple":2,"minecraft:granite":191,"minecraft:copper_ingot":1,"minecraft:grass_block":1,"minecraft:coal":58,"minecraft:stick":79,"minecraft:diorite":1406,"minecraft:ink_sac":4,"minecraft:torch":9,"naturalist:bass":6,"minecraft:wooden_axe":1,"born_in_chaos_v1:fused_bone":1,"tombstone:grave_dust":5,"minecraft:iron_leggings":1,"minecraft:sweet_berries":2,"minecraft:chicken":6,"minecraft:iron_boots":2,"sophisticatedbackpacks:backpack":1,"minecraft:cobblestone_slab":12,"minecraft:stone":18,"minecraft:flower_pot":1,"minecraft:iron_chestplate":1,"minecraft:andesite":496,"born_in_chaos_v1:spiny_shell":2,"quark:birch_ladder":17,"minecraft:stone_bricks":1,"minecraft:bow":3,"minecraft:stone_pickaxe":4,"minecraft:wooden_pickaxe":2,"naturalist:duck":4},"minecraft:broken":{"minecraft:iron_leggings":1,"minecraft:stone_pickaxe":2,"minecraft:stone_axe":2,"minecraft:wooden_axe":1,"minecraft:shield":2,"vanillaplustools:stone_hammer":11,"minecraft:iron_axe":1,"minecraft:iron_helmet":1},"minecraft:killed":{"born_in_chaos_v1:restless_spirit":1,"undead_revamp2:thesmoker":3,"born_in_chaos_v1:siamese_skeletonsright":1,"illagerinvasion:basher":1,"minecraft:skeleton":5,"luminousworld:dark_oak_skeleton":2,"minecraft:chicken":3,"illagerinvasion:provoker":1,"minecraft:silverfish":1,"minecraft:illusioner":1,"undead_revamp2:thepregnant":1,"undead_revamp2:thespitter":1,"enemyexpansion:vampflyer":2,"minecraft:pig":6,"minecraft:sheep":3,"undead_revamp2:thebidyupside":1,"luminousworld:savannah_skeleton":1,"minecraft:zombie":3,"born_in_chaos_v1:dread_hound":2,"enemyexpansion:vampire":1,"alexsmobs:terrapin":2,"born_in_chaos_v1:corpse_fly":4,"luminousworld:dark_oak_zombie":3,"undead_revamp2:theimmortal":10,"enemyexpansion:direwolf":4,"naturalist:duck":2,"born_in_chaos_v1:maggot":4,"enemyexpansion:faller":1,"alexsmobs:blue_jay":1,"undead_revamp2:coppertar":1,"naturalist:bass":5,"undead_revamp2:thebidy":1,"undead_revamp2:sucker":1,"born_in_chaos_v1:barrel_zombie":1,"born_in_chaos_v1:baby_skeleton":2,"born_in_chaos_v1:swarmer":1,"undead_revamp2:the_moonflower":2,"enemyexpansion:sprinter":1,"born_in_chaos_v1:bloody_gadfly":1,"undead_revamp2:thesomnolence":1,"iceandfire:ghost":4,"naturalist:canary":1,"minecraft:enderman":1},"minecraft:used":{"minecraft:beetroot":4,"minecraft:shield":37,"minecraft:stone":293,"minecraft:iron_sword":213,"minecraft:carrot":37,"born_in_chaos_v1:corpse_maggot":7,"quark:birch_ladder":38,"friendsandfoes:totem_of_illusion":1,"minecraft:lantern":3,"minecraft:grass_block":1,"minecraft:item_frame":2,"minecraft:bow":6,"minecraft:furnace":18,"minecraft:oak_sapling":6,"minecraft:egg":10,"minecraft:stone_pickaxe":660,"minecraft:oak_planks":1,"minecraft:wooden_pickaxe":39,"minecraft:white_wool":1,"minecraft:bread":77,"minecraft:cooked_rabbit":4,"minecraft:andesite":41,"minecraft:bone_meal":3,"minecraft:oak_fence":23,"quark:birch_chest":5,"vanillaplustools:stone_hammer":1605,"minecraft:torch":116,"minecraft:dirt":224,"minecraft:spruce_fence":1,"minecraft:granite":3,"minecraft:wooden_axe":48,"minecraft:waxed_cut_copper":1,"minecraft:iron_axe":173,"minecraft:beef":2,"tombstone:gift":5,"minecraft:cobbled_deepslate":24,"minecraft:water_bucket":1,"minecraft:baked_potato":35,"minecraft:oak_slab":215,"minecraft:crafting_table":6,"vanillaplustools:stone_shovel":3,"minecraft:white_bed":1,"minecraft:apple":6,"tombstone:magic_scroll":4,"minecraft:stone_slab":1045,"minecraft:stone_axe":192,"minecraft:cobblestone":267,"minecraft:mud_brick_wall":1,"minecraft:cooked_porkchop":1,"minecraft:porkchop":1,"minecraft:bucket":1,"minecraft:yellow_bed":3,"quark:oak_chest":7},"minecraft:picked_up":{"minecraft:wooden_axe":1,"minecraft:seagrass":4,"minecraft:iron_chestplate":1,"minecraft:wheat":74,"minecraft:flower_pot":1,"minecraft:stone_slab":181,"minecraft:oak_stairs":1,"minecraft:brewing_stand":1,"minecraft:string":5,"minecraft:raw_copper":320,"minecraft:iron_leggings":2,"minecraft:beetroot":6,"vanillaplustools:stone_shovel":1,"minecraft:cobbled_deepslate":41,"minecraft:coal_block":3,"minecraft:furnace":6,"minecraft:iron_boots":2,"minecraft:stick":25,"iceandfire:ghost_chest":1,"minecraft:acacia_fence":1,"minecraft:oak_fence":38,"minecraft:torch":49,"quark:blossom_log":8,"minecraft:porkchop":16,"iceandfire:rotten_egg":1,"tombstone:grave_dust":7,"minecraft:diorite":1830,"luminousworld:grassflowers":2,"minecraft:stone_sword":1,"minecraft:rotten_flesh":21,"supplementaries:ash":2,"minecraft:waxed_cut_copper":1,"minecraft:obsidian":8,"minecraft:cobblestone":5891,"minecraft:birch_log":6,"minecraft:feather":18,"minecraft:andesite":607,"minecraft:golden_leggings":1,"minecraft:potato":20,"minecraft:flint":13,"minecraft:dirt":224,"minecraft:lapis_lazuli":146,"minecraft:lantern":13,"born_in_chaos_v1:monster_skin":2,"minecraft:bone":9,"supplementaries:cartographers_quill":2,"minecraft:bow":6,"minecraft:wheat_seeds":278,"minecraft:raw_gold":18,"minecraft:rabbit":4,"minecraft:oak_planks":26,"minecraft:cooked_porkchop":1,"minecraft:lily_of_the_valley":1,"minecraft:ink_sac":4,"minecraft:grass_block":3,"alexsmobs:animal_dictionary":1,"minecraft:bundle":1,"quark:birch_ladder":8,"minecraft:slime_block":1,"minecraft:granite":553,"minecraft:emerald":1,"minecraft:bread":23,"minecraft:oak_sapling":9,"iceandfire:raw_silver":77,"minecraft:charcoal":9,"minecraft:crafting_table":4,"born_in_chaos_v1:diamond_termite_shard":1,"minecraft:chicken":6,"minecraft:ladder":13,"friendsandfoes:totem_of_illusion":1,"minecraft:wooden_pickaxe":1,"minecraft:stone_brick_wall":1,"luminousworld:bao_bob_wood":1,"minecraft:shield":2,"minecraft:iron_axe":1,"minecraft:item_frame":2,"minecraft:candle":3,"minecraft:beef":2,"minecraft:iron_nugget":4,"minecraft:poppy":1,"minecraft:sugar_cane":5,"luminousworld:white_oak_plank":9,"minecraft:egg":11,"minecraft:raw_iron":14,"naturalist:duck":4,"minecraft:stone":12,"ecologics:coconut_slice":4,"sophisticatedbackpacks:backpack":2,"minecraft:spruce_fence":1,"minecraft:stone_button":2,"minecraft:carrot":58,"minecraft:dark_oak_planks":2,"luminousworld:baobab_plank":36,"minecraft:arrow":6,"minecraft:beetroot_seeds":15,"minecraft:hay_block":26,"born_in_chaos_v1:spiny_shell":2,"minecraft:gold_ingot":23,"minecraft:mutton":8,"minecraft:white_wool":7,"born_in_chaos_v1:fused_bone":2,"born_in_chaos_v1:corpse_maggot":12,"minecraft:air":0,"born_in_chaos_v1:monster_flesh":2,"luminousworld:ishstone":440,"minecraft:leather":4,"minecraft:birch_planks":25,"minecraft:oak_log":195,"minecraft:waxed_copper_block":1,"minecraft:yellow_bed":3,"minecraft:gunpowder":12,"naturalist:bass":6,"minecraft:cooked_mutton":2,"minecraft:apple":2,"minecraft:stone_bricks":1,"minecraft:stone_pickaxe":6,"minecraft:iron_sword":2,"minecraft:book":81,"minecraft:oak_slab":5,"born_in_chaos_v1:ethereal_spirit":1,"minecraft:dandelion":1,"minecraft:gravel":43,"minecraft:mud_brick_wall":1,"minecraft:white_bed":1,"illagerinvasion:illusionary_dust":1,"quark:oak_chest":2,"luminousworld:whiteoaklog":9,"minecraft:stone_axe":3,"minecraft:iron_helmet":2,"vanillaplustools:stone_hammer":9,"minecraft:baked_potato":18,"tombstone:magic_scroll":2,"minecraft:coal":207,"minecraft:ender_pearl":1,"minecraft:sunflower":1},"minecraft:killed_by":{"born_in_chaos_v1:nightmare_stalker":4,"undead_revamp2:clogger":1,"minecraft:vindicator":1,"minecraft:zombie":1,"enemyexpansion:vampflyer":1,"enemyexpansion:invisicreeper":3,"minecraft:player":2,"undead_revamp2:thesomnolence":2,"minecraft:skeleton":4,"enemyexpansion:troll":1},"minecraft:custom":{"minecraft:animals_bred":9,"minecraft:interact_with_crafting_table":54,"minecraft:leave_game":6,"minecraft:time_since_death":3092,"minecraft:sprint_one_cm":758964,"minecraft:damage_blocked_by_shield":6324,"minecraft:drop":195,"minecraft:play_time":388088,"minecraft:deaths":21,"minecraft:jump":6945,"minecraft:walk_on_water_one_cm":60907,"minecraft:interact_with_furnace":155,"minecraft:sleep_in_bed":11,"minecraft:open_enderchest":1,"tombstone:sneak_grave":7,"minecraft:damage_dealt":20271,"minecraft:player_kills":4,"minecraft:crouch_one_cm":71111,"tombstone:undead_killed":46,"minecraft:interact_with_smithing_table":2,"minecraft:mob_kills":99,"minecraft:damage_dealt_resisted":45,"minecraft:climb_one_cm":76559,"minecraft:walk_one_cm":1292522,"minecraft:sneak_time":18783,"minecraft:walk_under_water_one_cm":30123,"minecraft:total_world_time":388088,"tombstone:raider_killed":3,"minecraft:time_since_rest":2380,"minecraft:damage_taken":12131,"minecraft:trigger_trapped_chest":3,"minecraft:swim_one_cm":118256,"minecraft:fly_one_cm":1359030,"minecraft:open_chest":148,"minecraft:fall_one_cm":179941},"minecraft:mined":{"minecraft:dark_oak_planks":1,"minecraft:white_bed":2,"minecraft:oak_sapling":1,"luminousworld:yellowpetunias":1,"minecraft:cave_vines_plant":2,"minecraft:granite":569,"minecraft:grass_block":75,"minecraft:coal_block":3,"minecraft:mud_brick_wall":1,"minecraft:iron_ore":13,"minecraft:cobbled_deepslate":14,"minecraft:fire":15,"minecraft:cave_vines":1,"minecraft:oak_stairs":1,"minecraft:torch":24,"iceandfire:ghost_chest":1,"minecraft:cobblestone":236,"minecraft:slime_block":1,"minecraft:sugar_cane":2,"minecraft:oak_planks":3,"minecraft:wall_torch":2,"minecraft:birch_log":6,"minecraft:grass":10,"quark:birch_ladder":1,"minecraft:oak_log":160,"minecraft:acacia_fence":1,"minecraft:sand":3,"minecraft:dirt":275,"luminousworld:grassvariant_3":2,"minecraft:oak_leaves":8,"iceandfire:silver_ore":38,"luminousworld:grassvariant_4":2,"minecraft:ladder":12,"minecraft:spruce_fence":1,"luminousworld:grassvariant_2":4,"minecraft:hay_block":27,"minecraft:furnace":6,"minecraft:andesite":803,"minecraft:bookshelf":27,"minecraft:vine":2,"minecraft:lantern":9,"minecraft:stone":8573,"minecraft:white_wool":3,"minecraft:ender_chest":1,"minecraft:oak_slab":4,"quark:oak_chest":1,"minecraft:potted_lily_of_the_valley":1,"minecraft:oak_fence":7,"minecraft:crafting_table":3,"minecraft:campfire":2,"minecraft:stone_slab":176,"minecraft:tall_grass":4,"minecraft:copper_ore":81,"minecraft:lapis_ore":15,"minecraft:diorite":1713,"luminousworld:whiteoaklog":11,"minecraft:birch_leaves":2,"minecraft:yellow_bed":3,"minecraft:coal_ore":156,"luminousworld:ishstone":613,"minecraft:sunflower":1,"minecraft:gravel":62,"minecraft:stone_bricks":1,"undead_revamp2:arapholia":1}},"DataVersion":3465}