{"stats":{"minecraft:crafted":{"minecraft:oak_planks":548,"minecraft:cobblestone_slab":12,"quark:birch_chest":5,"vanillaplustools:stone_hammer":24,"minecraft:furnace":13,"quark:birch_ladder":64,"minecraft:stone":1029,"minecraft:bone_meal":3,"minecraft:iron_boots":1,"luminousworld:white_oak_plank":44,"minecraft:stone_pickaxe":221,"minecraft:oak_fence":6,"minecraft:cooked_rabbit":4,"sophisticatedbackpacks:iron_backpack":1,"minecraft:wheat":27,"minecraft:oak_slab":294,"minecraft:crafting_table":3,"minecraft:iron_helmet":1,"minecraft:wooden_pickaxe":1,"minecraft:baked_potato":39,"minecraft:bucket":1,"minecraft:birch_planks":24,"minecraft:stone_axe":2,"minecraft:bread":21,"minecraft:air":0,"minecraft:string":4,"minecraft:iron_chestplate":1,"minecraft:stick":692,"minecraft:stone_slab":1074,"quark:oak_chest":6,"minecraft:iron_ingot":63,"minecraft:wooden_axe":1,"minecraft:torch":76},"minecraft:dropped":{"minecraft:iron_ingot":23,"iceandfire:raw_silver":39,"minecraft:birch_planks":16,"minecraft:wheat_seeds":64,"minecraft:lapis_lazuli":64,"minecraft:oak_log":32,"minecraft:baked_potato":8,"luminousworld:ishstone":260,"minecraft:crafting_table":1,"minecraft:oak_fence":1,"minecraft:cobblestone":593,"minecraft:lantern":2,"minecraft:apple":2,"minecraft:granite":191,"minecraft:grass_block":1,"minecraft:coal":55,"minecraft:flint":2,"minecraft:stick":65,"minecraft:diorite":1406,"minecraft:torch":8,"naturalist:bass":5,"minecraft:wooden_axe":1,"tombstone:grave_dust":2,"minecraft:white_wool":3,"minecraft:gravel":21,"minecraft:stone_axe":2,"vanillaplustools:stone_shovel":1,"minecraft:cobbled_deepslate":18,"minecraft:rotten_flesh":3,"minecraft:oak_planks":45,"sophisticatedbackpacks:backpack":1,"minecraft:cobblestone_slab":12,"luminousworld:grassflowers":1,"minecraft:andesite":496,"minecraft:beetroot_seeds":1,"quark:birch_ladder":17,"vanillaplustools:stone_hammer":7,"minecraft:stone_bricks":1,"minecraft:wooden_pickaxe":2,"minecraft:stone_pickaxe":3},"minecraft:broken":{"minecraft:stone_pickaxe":2,"vanillaplustools:stone_hammer":11,"minecraft:stone_axe":2,"minecraft:wooden_axe":1},"minecraft:killed":{"minecraft:skeleton":2,"enemyexpansion:faller":1,"naturalist:bass":5,"minecraft:silverfish":1,"undead_revamp2:sucker":1,"undead_revamp2:thespitter":1,"enemyexpansion:vampflyer":2,"minecraft:pig":3,"born_in_chaos_v1:swarmer":1,"minecraft:sheep":1,"luminousworld:savannah_skeleton":1,"undead_revamp2:thesomnolence":1,"iceandfire:ghost":4,"enemyexpansion:vampire":1,"alexsmobs:terrapin":2,"born_in_chaos_v1:corpse_fly":4,"minecraft:enderman":1},"minecraft:used":{"minecraft:beetroot":4,"minecraft:oak_fence":23,"quark:birch_chest":5,"minecraft:stone":293,"vanillaplustools:stone_hammer":1588,"minecraft:torch":111,"minecraft:dirt":165,"minecraft:carrot":32,"minecraft:granite":3,"minecraft:spruce_fence":1,"minecraft:wooden_axe":48,"born_in_chaos_v1:corpse_maggot":7,"quark:birch_ladder":38,"minecraft:lantern":3,"minecraft:iron_axe":113,"minecraft:grass_block":1,"minecraft:bow":5,"minecraft:beef":2,"minecraft:oak_sapling":6,"minecraft:furnace":18,"minecraft:egg":6,"tombstone:gift":1,"minecraft:stone_pickaxe":646,"minecraft:baked_potato":22,"minecraft:oak_planks":1,"minecraft:wooden_pickaxe":39,"minecraft:white_wool":1,"minecraft:oak_slab":215,"minecraft:crafting_table":6,"vanillaplustools:stone_shovel":3,"minecraft:apple":6,"minecraft:bread":29,"tombstone:magic_scroll":4,"minecraft:stone_slab":1045,"minecraft:stone_axe":160,"minecraft:cobblestone":262,"minecraft:porkchop":1,"minecraft:cooked_porkchop":1,"minecraft:cooked_rabbit":4,"minecraft:andesite":41,"minecraft:bucket":1,"minecraft:yellow_bed":3,"quark:oak_chest":7,"minecraft:bone_meal":3},"minecraft:picked_up":{"minecraft:wooden_axe":1,"minecraft:charcoal":9,"minecraft:crafting_table":4,"born_in_chaos_v1:diamond_termite_shard":1,"minecraft:wheat":49,"minecraft:ladder":13,"minecraft:stone_slab":181,"minecraft:wooden_pickaxe":1,"minecraft:oak_stairs":1,"minecraft:stone_brick_wall":1,"luminousworld:bao_bob_wood":1,"minecraft:shield":1,"minecraft:string":2,"minecraft:raw_copper":320,"minecraft:iron_axe":1,"minecraft:iron_leggings":1,"minecraft:beetroot":6,"vanillaplustools:stone_shovel":1,"minecraft:cobbled_deepslate":17,"minecraft:beef":2,"minecraft:sugar_cane":5,"luminousworld:white_oak_plank":9,"minecraft:furnace":6,"minecraft:egg":7,"minecraft:stick":12,"minecraft:raw_iron":14,"iceandfire:ghost_chest":1,"minecraft:oak_fence":37,"minecraft:torch":48,"sophisticatedbackpacks:backpack":2,"minecraft:spruce_fence":1,"quark:blossom_log":8,"minecraft:porkchop":6,"iceandfire:rotten_egg":1,"tombstone:grave_dust":4,"minecraft:diorite":1830,"minecraft:carrot":46,"luminousworld:baobab_plank":36,"luminousworld:grassflowers":2,"minecraft:stone_sword":1,"minecraft:arrow":1,"minecraft:rotten_flesh":5,"minecraft:beetroot_seeds":15,"minecraft:hay_block":3,"supplementaries:ash":1,"minecraft:gold_ingot":23,"minecraft:mutton":4,"minecraft:white_wool":5,"minecraft:cobblestone":5753,"minecraft:birch_log":6,"born_in_chaos_v1:corpse_maggot":7,"minecraft:air":0,"minecraft:andesite":607,"luminousworld:ishstone":440,"minecraft:leather":4,"minecraft:golden_leggings":1,"minecraft:potato":20,"minecraft:birch_planks":25,"minecraft:flint":13,"minecraft:oak_log":195,"minecraft:yellow_bed":3,"minecraft:gunpowder":12,"minecraft:lapis_lazuli":146,"minecraft:dirt":216,"minecraft:lantern":6,"minecraft:cooked_mutton":2,"naturalist:bass":5,"minecraft:bone":3,"minecraft:apple":2,"minecraft:stone_bricks":1,"minecraft:bow":1,"minecraft:wheat_seeds":232,"minecraft:raw_gold":18,"minecraft:stone_pickaxe":6,"minecraft:rabbit":4,"minecraft:oak_planks":26,"minecraft:book":3,"minecraft:oak_slab":5,"minecraft:cooked_porkchop":1,"minecraft:gravel":43,"minecraft:grass_block":2,"quark:oak_chest":2,"alexsmobs:animal_dictionary":1,"luminousworld:whiteoaklog":9,"quark:birch_ladder":8,"minecraft:stone_axe":2,"minecraft:granite":553,"vanillaplustools:stone_hammer":8,"minecraft:bread":5,"minecraft:baked_potato":8,"tombstone:magic_scroll":1,"minecraft:oak_sapling":9,"minecraft:coal":201,"iceandfire:raw_silver":77,"minecraft:ender_pearl":1},"minecraft:killed_by":{"minecraft:player":2,"undead_revamp2:thesomnolence":2,"minecraft:skeleton":1,"enemyexpansion:troll":1,"enemyexpansion:vampflyer":1,"enemyexpansion:invisicreeper":3},"minecraft:custom":{"minecraft:animals_bred":5,"minecraft:mob_kills":34,"minecraft:interact_with_crafting_table":49,"minecraft:leave_game":5,"minecraft:time_since_death":34610,"minecraft:climb_one_cm":65444,"minecraft:sprint_one_cm":491496,"minecraft:walk_one_cm":1054585,"minecraft:drop":124,"minecraft:play_time":304380,"minecraft:deaths":11,"minecraft:sneak_time":15403,"minecraft:walk_under_water_one_cm":7421,"minecraft:jump":4920,"minecraft:walk_on_water_one_cm":16140,"minecraft:total_world_time":304380,"minecraft:interact_with_furnace":149,"minecraft:sleep_in_bed":8,"minecraft:time_since_rest":32211,"minecraft:damage_taken":6470,"minecraft:trigger_trapped_chest":3,"minecraft:damage_dealt":6585,"minecraft:player_kills":4,"minecraft:swim_one_cm":28483,"minecraft:fly_one_cm":945896,"minecraft:open_chest":137,"minecraft:crouch_one_cm":57010,"tombstone:undead_killed":13,"minecraft:fall_one_cm":123354},"minecraft:mined":{"minecraft:white_bed":1,"minecraft:oak_sapling":1,"iceandfire:silver_ore":38,"luminousworld:yellowpetunias":1,"luminousworld:grassvariant_4":2,"minecraft:ladder":12,"minecraft:granite":569,"minecraft:grass_block":73,"minecraft:spruce_fence":1,"luminousworld:grassvariant_2":1,"minecraft:hay_block":3,"minecraft:furnace":6,"minecraft:iron_ore":13,"minecraft:fire":15,"minecraft:cobbled_deepslate":14,"minecraft:andesite":803,"minecraft:oak_stairs":1,"minecraft:lantern":3,"minecraft:stone":8572,"minecraft:white_wool":3,"minecraft:oak_slab":4,"quark:oak_chest":1,"minecraft:oak_fence":6,"minecraft:crafting_table":3,"minecraft:torch":23,"iceandfire:ghost_chest":1,"minecraft:campfire":2,"minecraft:stone_slab":176,"minecraft:copper_ore":81,"minecraft:cobblestone":234,"minecraft:lapis_ore":15,"minecraft:oak_planks":3,"minecraft:sugar_cane":2,"minecraft:diorite":1713,"minecraft:wall_torch":2,"luminousworld:whiteoaklog":11,"minecraft:birch_log":6,"minecraft:yellow_bed":3,"minecraft:grass":2,"quark:birch_ladder":1,"minecraft:oak_log":160,"minecraft:coal_ore":153,"luminousworld:ishstone":613,"minecraft:sand":3,"minecraft:gravel":62,"minecraft:dirt":275,"luminousworld:grassvariant_3":1,"minecraft:stone_bricks":1,"minecraft:oak_leaves":8}},"DataVersion":3465}