{"stats":{"minecraft:broken":{"minecraft:stone_pickaxe":1,"vanillaplustools:stone_hammer":7,"minecraft:wooden_axe":1},"minecraft:killed_by":{"minecraft:player":2},"minecraft:used":{"minecraft:stone_pickaxe":360,"minecraft:oak_planks":1,"minecraft:wooden_pickaxe":39,"vanillaplustools:stone_hammer":1042,"minecraft:torch":56,"minecraft:crafting_table":2,"minecraft:carrot":3,"minecraft:granite":3,"minecraft:wooden_axe":48,"minecraft:apple":5,"minecraft:bread":4,"tombstone:magic_scroll":1,"minecraft:stone_axe":4,"minecraft:cobblestone":45,"minecraft:beef":2,"minecraft:cooked_porkchop":1,"minecraft:porkchop":1,"minecraft:cooked_rabbit":4,"minecraft:andesite":34,"minecraft:yellow_bed":2,"quark:oak_chest":1},"minecraft:crafted":{"minecraft:oak_planks":104,"minecraft:cobblestone_slab":12,"vanillaplustools:stone_hammer":9,"minecraft:crafting_table":1,"minecraft:wooden_pickaxe":1,"minecraft:iron_helmet":1,"minecraft:stone_axe":1,"minecraft:air":0,"minecraft:iron_boots":1,"minecraft:iron_chestplate":1,"minecraft:stick":264,"minecraft:iron_ingot":23,"minecraft:stone_pickaxe":86,"minecraft:wooden_axe":1,"minecraft:torch":76,"minecraft:cooked_rabbit":4},"minecraft:picked_up":{"minecraft:wooden_axe":1,"minecraft:charcoal":6,"born_in_chaos_v1:diamond_termite_shard":1,"minecraft:crafting_table":2,"minecraft:wheat":38,"minecraft:air":0,"minecraft:andesite":384,"luminousworld:ishstone":237,"minecraft:wooden_pickaxe":1,"minecraft:flint":2,"minecraft:oak_log":26,"minecraft:yellow_bed":2,"minecraft:lapis_lazuli":104,"minecraft:dirt":7,"minecraft:raw_copper":165,"minecraft:iron_leggings":1,"minecraft:apple":1,"minecraft:stone_bricks":1,"minecraft:wheat_seeds":61,"minecraft:stone_pickaxe":1,"minecraft:beef":2,"minecraft:rabbit":4,"minecraft:sugar_cane":5,"minecraft:oak_planks":2,"minecraft:stick":1,"minecraft:raw_iron":7,"minecraft:cooked_porkchop":1,"minecraft:torch":12,"minecraft:gravel":15,"minecraft:porkchop":6,"minecraft:diorite":701,"minecraft:carrot":3,"quark:oak_chest":1,"minecraft:beetroot_seeds":1,"minecraft:stone_axe":1,"minecraft:granite":242,"vanillaplustools:stone_hammer":6,"tombstone:magic_scroll":1,"minecraft:mutton":2,"minecraft:coal":144,"iceandfire:raw_silver":32,"minecraft:cobblestone":2683},"minecraft:dropped":{"minecraft:gravel":9,"minecraft:iron_ingot":6,"minecraft:stone_axe":2,"luminousworld:ishstone":4,"minecraft:crafting_table":1,"minecraft:cobblestone":526,"minecraft:oak_planks":23,"minecraft:apple":2,"minecraft:granite":1,"minecraft:coal":55,"minecraft:stick":65,"minecraft:cobblestone_slab":12,"minecraft:diorite":209,"minecraft:andesite":240,"minecraft:wooden_axe":1,"vanillaplustools:stone_hammer":4,"minecraft:stone_bricks":1,"minecraft:wooden_pickaxe":2,"minecraft:stone_pickaxe":2},"minecraft:custom":{"minecraft:interact_with_furnace":13,"minecraft:mob_kills":6,"minecraft:interact_with_crafting_table":13,"minecraft:leave_game":2,"minecraft:time_since_death":43291,"minecraft:sleep_in_bed":3,"minecraft:climb_one_cm":8901,"minecraft:time_since_rest":42794,"minecraft:sprint_one_cm":158780,"minecraft:damage_taken":1030,"minecraft:walk_one_cm":436029,"minecraft:drop":49,"minecraft:damage_dealt":1630,"minecraft:swim_one_cm":5967,"minecraft:player_kills":3,"minecraft:fly_one_cm":310919,"minecraft:open_chest":20,"tombstone:undead_killed":1,"minecraft:crouch_one_cm":13680,"minecraft:play_time":112899,"minecraft:deaths":2,"minecraft:sneak_time":3297,"minecraft:walk_under_water_one_cm":334,"minecraft:jump":1692,"minecraft:walk_on_water_one_cm":3708,"minecraft:total_world_time":112899,"minecraft:fall_one_cm":39331},"minecraft:killed":{"minecraft:pig":3,"iceandfire:ghost":1,"alexsmobs:terrapin":1,"minecraft:silverfish":1},"minecraft:mined":{"iceandfire:silver_ore":32,"quark:oak_chest":1,"minecraft:crafting_table":1,"minecraft:granite":361,"minecraft:grass_block":1,"minecraft:campfire":2,"minecraft:copper_ore":50,"minecraft:cobblestone":52,"minecraft:lapis_ore":15,"minecraft:sugar_cane":2,"minecraft:oak_planks":2,"minecraft:diorite":1089,"minecraft:iron_ore":6,"minecraft:andesite":597,"minecraft:yellow_bed":2,"minecraft:grass":1,"minecraft:oak_log":25,"minecraft:coal_ore":133,"luminousworld:ishstone":383,"minecraft:sand":3,"minecraft:gravel":34,"minecraft:dirt":126,"luminousworld:grassvariant_3":1,"minecraft:stone":5877,"minecraft:stone_bricks":1}},"DataVersion":3465}