{"stats":{"minecraft:dropped":{"minecraft:porkchop":7,"luminousworld:white_oak_plank":12,"tombstone:grave_key":1,"minecraft:wooden_axe":1,"minecraft:glistering_melon_slice":4},"minecraft:crafted":{"minecraft:oak_planks":4,"minecraft:cooked_porkchop":1,"minecraft:crafting_table":3,"luminousworld:white_oak_plank":12,"minecraft:stick":16,"minecraft:wooden_pickaxe":1,"minecraft:stone_pickaxe":2,"minecraft:wooden_axe":3,"minecraft:birch_planks":284,"minecraft:birch_stairs":28,"minecraft:stone_axe":2,"minecraft:air":0},"minecraft:killed":{"minecraft:pig":8,"minecraft:cow":1},"minecraft:broken":{"minecraft:wooden_axe":1},"minecraft:used":{"minecraft:wooden_axe":99,"minecraft:birch_planks":341,"minecraft:birch_sapling":19,"minecraft:wooden_pickaxe":31,"minecraft:stone_axe":2,"minecraft:beef":1,"minecraft:crafting_table":3,"minecraft:cooked_porkchop":1,"minecraft:porkchop":6,"tombstone:gift":3,"minecraft:birch_stairs":24},"minecraft:picked_up":{"minecraft:birch_log":71,"minecraft:stick":15,"minecraft:leather":1,"minecraft:birch_planks":137,"minecraft:porkchop":19,"minecraft:oak_log":1,"minecraft:dirt":4,"luminousworld:whiteoaklog":3,"luminousworld:white_oak_sapling":2,"minecraft:rotten_flesh":3,"minecraft:beef":1,"minecraft:coal":1,"minecraft:birch_sapling":19,"minecraft:cobblestone":29,"minecraft:wooden_axe":1},"minecraft:killed_by":{"iceandfire:ghost":2},"minecraft:custom":{"minecraft:time_since_rest":34765,"minecraft:interact_with_furnace":3,"minecraft:sprint_one_cm":54313,"minecraft:damage_taken":783,"minecraft:walk_one_cm":88719,"minecraft:mob_kills":9,"minecraft:drop":14,"minecraft:damage_dealt":1845,"minecraft:swim_one_cm":678,"minecraft:interact_with_crafting_table":9,"minecraft:fly_one_cm":67841,"minecraft:player_kills":1,"minecraft:open_chest":5,"minecraft:crouch_one_cm":27904,"minecraft:play_time":39139,"minecraft:deaths":2,"minecraft:sneak_time":5854,"minecraft:walk_under_water_one_cm":465,"minecraft:boat_one_cm":133858,"minecraft:jump":479,"minecraft:leave_game":1,"minecraft:time_since_death":35405,"minecraft:walk_on_water_one_cm":10255,"minecraft:total_world_time":39139,"minecraft:fall_one_cm":14539},"minecraft:mined":{"luminousworld:white_petunias":1,"luminousworld:whiteoaklog":3,"minecraft:birch_planks":9,"minecraft:birch_stairs":1,"minecraft:kelp_plant":1,"minecraft:birch_log":72,"minecraft:birch_leaves":2,"minecraft:grass":1,"minecraft:coal_ore":1,"minecraft:grass_block":3,"minecraft:oak_log":1,"luminousworld:grassvariant_2":1,"minecraft:dirt":1,"luminousworld:whiteoakleaves":28,"minecraft:stone":29,"minecraft:kelp":3,"minecraft:oak_leaves":1}},"DataVersion":3465}