{"stats":{"minecraft:dropped":{"tombstone:grave_key":1},"minecraft:crafted":{"minecraft:oak_planks":4,"minecraft:birch_planks":24,"minecraft:crafting_table":1,"minecraft:stick":4,"minecraft:wooden_axe":1},"minecraft:killed":{"minecraft:pig":7,"minecraft:cow":1},"minecraft:used":{"minecraft:wooden_axe":14,"minecraft:crafting_table":1,"tombstone:gift":3},"minecraft:picked_up":{"minecraft:birch_log":6,"minecraft:leather":1,"minecraft:beef":1,"minecraft:porkchop":13,"minecraft:oak_log":1,"minecraft:dirt":2},"minecraft:killed_by":{"iceandfire:ghost":2},"minecraft:custom":{"minecraft:time_since_rest":1,"minecraft:play_time":3808,"minecraft:sprint_one_cm":11573,"minecraft:walk_one_cm":15481,"minecraft:damage_taken":554,"minecraft:deaths":2,"minecraft:mob_kills":8,"minecraft:drop":1,"minecraft:jump":95,"minecraft:damage_dealt":1023,"minecraft:time_since_death":74,"minecraft:total_world_time":3808,"minecraft:interact_with_crafting_table":1,"minecraft:player_kills":1,"minecraft:fall_one_cm":4254,"minecraft:fly_one_cm":11758},"minecraft:mined":{"minecraft:grass":1,"minecraft:grass_block":1,"minecraft:oak_log":1,"minecraft:dirt":1,"minecraft:birch_log":6,"minecraft:oak_leaves":1}},"DataVersion":3465}