{"stats":{"minecraft:broken":{"vanillaplustools:stone_hammer":5},"minecraft:killed_by":{"born_in_chaos_v1:diamond_termite":1,"iceandfire:ghost":2},"minecraft:used":{"minecraft:diorite":1,"minecraft:stone_sword":6,"minecraft:stone_pickaxe":100,"minecraft:ladder":12,"minecraft:chest":1,"minecraft:wooden_pickaxe":5,"minecraft:iron_sword":50,"vanillaplustools:stone_hammer":764,"luminousworld:ishstone":15,"minecraft:torch":112,"minecraft:dirt":2,"minecraft:crafting_table":1,"minecraft:carrot":43,"minecraft:granite":8,"minecraft:apple":2,"minecraft:iron_pickaxe":54,"minecraft:stone_axe":24,"minecraft:cobblestone":117,"minecraft:furnace":8,"quark:oak_chest":4,"alexsmobs:animal_dictionary":1},"minecraft:crafted":{"minecraft:oak_planks":76,"vanillaplustools:stone_hammer":12,"minecraft:crafting_table":1,"minecraft:wooden_pickaxe":1,"minecraft:iron_helmet":1,"minecraft:iron_sword":1,"minecraft:furnace":6,"minecraft:oak_wood":9,"minecraft:air":0,"minecraft:iron_boots":1,"minecraft:iron_chestplate":1,"luminousworld:white_oak_plank":36,"minecraft:ladder":12,"minecraft:stick":240,"quark:oak_chest":2,"minecraft:iron_ingot":47,"minecraft:iron_pickaxe":1,"minecraft:stone_pickaxe":110,"minecraft:stone_sword":1,"minecraft:chest":1,"minecraft:iron_leggings":2,"minecraft:torch":220,"luminousworld:baobab_plank":64},"minecraft:picked_up":{"born_in_chaos_v1:diamond_termite_shard":3,"minecraft:wheat":7,"minecraft:andesite":210,"luminousworld:ishstone":181,"minecraft:wooden_pickaxe":1,"minecraft:potato":3,"minecraft:flint":2,"minecraft:oak_log":22,"born_in_chaos_v1:black_argillite":66,"minecraft:lapis_lazuli":49,"minecraft:dirt":71,"minecraft:raw_copper":67,"minecraft:beetroot":3,"minecraft:apple":2,"minecraft:wheat_seeds":22,"minecraft:cobbled_deepslate":138,"minecraft:raw_gold":35,"minecraft:iron_ingot":8,"minecraft:stone_pickaxe":2,"minecraft:oak_planks":23,"minecraft:furnace":2,"minecraft:stick":68,"minecraft:raw_iron":95,"minecraft:torch":35,"minecraft:spruce_fence":2,"minecraft:gravel":47,"minecraft:diorite":544,"minecraft:carrot":35,"quark:oak_chest":2,"luminousworld:baobab_plank":72,"luminousworld:whiteoaklog":9,"minecraft:beetroot_seeds":6,"minecraft:stone_axe":2,"minecraft:granite":346,"vanillaplustools:stone_hammer":2,"minecraft:coal":77,"minecraft:cobblestone":3846},"minecraft:dropped":{"minecraft:gravel":9,"minecraft:iron_ingot":8,"minecraft:stone_axe":2,"minecraft:wheat_seeds":11,"minecraft:cobbled_deepslate":1,"luminousworld:ishstone":132,"minecraft:raw_copper":57,"minecraft:wheat":7,"minecraft:beetroot":3,"minecraft:cobblestone":2253,"minecraft:granite":65,"minecraft:spruce_fence":2,"minecraft:carrot":5,"minecraft:stick":2,"born_in_chaos_v1:black_argillite":66,"luminousworld:baobab_plank":72,"minecraft:diorite":66,"minecraft:torch":31,"minecraft:beetroot_seeds":6,"minecraft:andesite":146,"born_in_chaos_v1:diamond_termite_shard":1,"vanillaplustools:stone_hammer":5,"minecraft:iron_leggings":1,"minecraft:wooden_pickaxe":1,"minecraft:stone_pickaxe":2},"minecraft:custom":{"minecraft:interact_with_furnace":12,"minecraft:mob_kills":16,"minecraft:interact_with_crafting_table":29,"minecraft:leave_game":1,"minecraft:time_since_death":17595,"minecraft:sleep_in_bed":5,"minecraft:climb_one_cm":12517,"minecraft:time_since_rest":17166,"minecraft:sprint_one_cm":111986,"minecraft:damage_taken":1563,"minecraft:walk_one_cm":438292,"minecraft:trigger_trapped_chest":5,"minecraft:drop":363,"minecraft:damage_dealt":2650,"minecraft:player_kills":1,"minecraft:swim_one_cm":729,"minecraft:fly_one_cm":28106,"minecraft:open_chest":26,"minecraft:crouch_one_cm":4591,"minecraft:deaths":4,"minecraft:play_time":105458,"tombstone:undead_killed":4,"minecraft:sneak_time":2443,"minecraft:walk_under_water_one_cm":218,"minecraft:jump":796,"minecraft:walk_on_water_one_cm":3431,"minecraft:total_world_time":105458,"minecraft:fall_one_cm":8158},"minecraft:killed":{"born_in_chaos_v1:diamond_termite":3,"minecraft:zombie":1,"iceandfire:ghost":3,"minecraft:silverfish":8},"minecraft:mined":{"quark:oak_chest":2,"born_in_chaos_v1:infected_diamond_ore":2,"minecraft:granite":441,"minecraft:grass_block":1,"minecraft:spruce_fence":1,"born_in_chaos_v1:black_argillite":42,"luminousworld:grassvariant_2":1,"minecraft:cobblestone":6,"minecraft:copper_ore":13,"minecraft:deepslate_gold_ore":1,"minecraft:lapis_ore":8,"minecraft:diorite":690,"luminousworld:whiteoaklog":9,"minecraft:furnace":2,"minecraft:iron_ore":94,"minecraft:andesite":298,"minecraft:grass":1,"minecraft:oak_log":23,"minecraft:coal_ore":39,"luminousworld:ishstone":325,"minecraft:deepslate_iron_ore":3,"minecraft:gravel":18,"minecraft:dirt":14,"minecraft:stone":4278,"minecraft:gold_ore":34,"minecraft:oak_leaves":5,"minecraft:deepslate":209,"minecraft:infested_stone":14}},"DataVersion":3465}