{"stats":{"minecraft:crafted":{"minecraft:wooden_shovel":5,"minecraft:torch":32,"minecraft:birch_planks":20,"minecraft:crafting_table":1,"minecraft:stick":20,"minecraft:wooden_pickaxe":1},"minecraft:used":{"minecraft:wooden_axe":12,"minecraft:crafting_table":1,"alexsmobs:animal_dictionary":3,"minecraft:wooden_pickaxe":25,"minecraft:wooden_shovel":27},"minecraft:picked_up":{"minecraft:birch_log":15,"minecraft:birch_sapling":2,"minecraft:coal":9,"minecraft:dirt":24,"minecraft:cobblestone":15},"minecraft:custom":{"minecraft:time_since_rest":15585,"minecraft:open_chest":1,"minecraft:interact_with_furnace":1,"minecraft:play_time":15585,"minecraft:sprint_one_cm":8331,"minecraft:damage_taken":89,"minecraft:walk_one_cm":40134,"minecraft:sneak_time":16,"minecraft:walk_under_water_one_cm":636,"minecraft:boat_one_cm":153306,"minecraft:jump":89,"minecraft:damage_dealt":94,"minecraft:leave_game":2,"minecraft:time_since_death":15585,"minecraft:walk_on_water_one_cm":11789,"minecraft:total_world_time":15585,"minecraft:swim_one_cm":302,"minecraft:interact_with_crafting_table":3,"minecraft:fall_one_cm":937,"minecraft:fly_one_cm":4163},"minecraft:mined":{"minecraft:grass_block":8,"minecraft:coal_ore":9,"minecraft:dirt":16,"luminousworld:grassvariant_3":1,"minecraft:birch_log":15,"minecraft:stone":15,"minecraft:birch_leaves":8}},"DataVersion":3465}