{"stats":{"minecraft:killed":{"undead_revamp2:thewolf":1,"undead_revamp2:thegliter":1,"minecraft:spider":1,"luminousworld:swallowtail":1,"quark:toretoise":1,"enemyexpansion:direwolf":1,"born_in_chaos_v1:scarlet_persecutor":1,"naturalist:snail":1,"minecraft:skeleton":2,"born_in_chaos_v1:fallen_chaos_knight":1,"earthmobsmod:bouldering_zombie":1,"enemyexpansion:troll":1,"enemyexpansion:sprinter":1,"minecraft:creeper":1,"born_in_chaos_v1:decrepit_skeleton":1,"minecraft:zombie":4,"iceandfire:ghost":3,"born_in_chaos_v1:dread_hound":1,"enemyexpansion:vampire":1},"minecraft:killed_by":{"minecraft:player":1,"undead_revamp2:the_moonflower":1,"quark:forgotten":1,"iceandfire:ghost":2,"undead_revamp2:thebeartamer":1},"minecraft:custom":{"minecraft:interact_with_smithing_table":4,"minecraft:mob_kills":26,"minecraft:open_barrel":1,"minecraft:interact_with_crafting_table":44,"minecraft:interact_with_campfire":30,"minecraft:damage_dealt_resisted":172,"minecraft:leave_game":2,"minecraft:time_since_death":17453,"minecraft:climb_one_cm":19789,"minecraft:sprint_one_cm":278233,"minecraft:walk_one_cm":1079039,"minecraft:drop":43,"minecraft:talked_to_villager":2,"minecraft:play_time":228820,"minecraft:sneak_time":6867,"minecraft:deaths":6,"minecraft:walk_under_water_one_cm":10110,"minecraft:jump":2006,"minecraft:walk_on_water_one_cm":7819,"minecraft:total_world_time":228820,"minecraft:interact_with_furnace":16,"tombstone:raider_killed":2,"minecraft:sleep_in_bed":12,"minecraft:time_since_rest":8089,"minecraft:damage_taken":4765,"minecraft:trigger_trapped_chest":5,"minecraft:damage_dealt":7952,"minecraft:player_kills":3,"minecraft:swim_one_cm":11557,"minecraft:fly_one_cm":288989,"minecraft:open_chest":69,"minecraft:crouch_one_cm":24040,"tombstone:undead_killed":16,"minecraft:fall_one_cm":28009,"minecraft:horse_one_cm":129021},"minecraft:picked_up":{"minecraft:wooden_axe":1,"luminousworld:groundpebbles_1":1,"minecraft:charcoal":2,"minecraft:crafting_table":5,"minecraft:wheat":84,"born_in_chaos_v1:seedof_chaos":1,"minecraft:ladder":1,"minecraft:flower_pot":1,"minecraft:golden_pickaxe":1,"minecraft:wooden_pickaxe":1,"securitycraft:furnace_mine":1,"minecraft:wither_rose":2,"minecraft:enchanted_book":1,"minecraft:chain":1,"iceandfire:manuscript":16,"minecraft:string":2,"minecraft:raw_copper":5,"minecraft:iron_axe":1,"minecraft:item_frame":1,"minecraft:armor_stand":6,"minecraft:white_carpet":2,"minecraft:experience_bottle":1,"minecraft:zombie_head":1,"minecraft:beetroot":18,"minecraft:oak_sign":1,"ecologics:walnut_sapling":1,"minecraft:cobbled_deepslate":1090,"minecraft:coal_block":18,"minecraft:spruce_trapdoor":3,"minecraft:furnace":6,"minecraft:iron_boots":1,"minecraft:golden_helmet":2,"minecraft:stick":3,"minecraft:raw_iron":30,"iceandfire:ghost_chest":4,"ecologics:walnut_log":9,"ecologics:coconut_slice":6,"minecraft:copper_ingot":1,"minecraft:torch":4,"minecraft:acacia_log":9,"quark:blossom_log":8,"tombstone:grave_dust":3,"minecraft:diorite":51,"born_in_chaos_v1:pieceofdarkmetal":4,"minecraft:carrot":278,"minecraft:redstone":18,"minecraft:stone_pressure_plate":2,"minecraft:purple_candle":2,"iceandfire:silver_ingot":3,"minecraft:arrow":3,"minecraft:rotten_flesh":23,"minecraft:beetroot_seeds":34,"minecraft:hay_block":1,"ecologics:coconut_log":12,"minecraft:gold_ingot":2,"supplementaries:ash":4,"minecraft:skeleton_skull":1,"minecraft:cobblestone":1111,"ecologics:walnut":3,"born_in_chaos_v1:monster_flesh":1,"minecraft:birch_slab":1,"minecraft:andesite":129,"luminousworld:ishstone":17,"minecraft:golden_leggings":2,"minecraft:potato":40,"minecraft:tuff":26,"minecraft:oak_log":43,"iceandfire:ectoplasm":2,"minecraft:yellow_bed":1,"minecraft:gunpowder":2,"minecraft:lapis_lazuli":31,"minecraft:dirt":154,"minecraft:lantern":2,"minecraft:bone":22,"minecraft:wheat_seeds":144,"minecraft:raw_gold":20,"minecraft:iron_ingot":4,"minecraft:cobweb":5,"minecraft:bamboo":1,"minecraft:oak_planks":2,"minecraft:honeycomb":3,"earthmobsmod:harder_flesh":1,"minecraft:gravel":16,"minecraft:white_bed":2,"minecraft:bundle":1,"quark:birch_ladder":17,"minecraft:white_candle":4,"minecraft:slime_ball":1,"minecraft:diamond":8,"minecraft:granite":3,"minecraft:spruce_sign":3,"minecraft:emerald":1,"minecraft:baked_potato":31,"tombstone:magic_scroll":1,"minecraft:coal":132,"iceandfire:raw_silver":2},"minecraft:broken":{"vanillaplustools:stone_hammer":1,"minecraft:stone_axe":2},"minecraft:used":{"minecraft:flint_and_steel":2,"minecraft:purple_candle":2,"minecraft:armor_stand":4,"minecraft:stone_shovel":114,"minecraft:ladder":1,"minecraft:oak_sign":1,"vanillaplustools:stone_hammer":225,"minecraft:white_candle":4,"minecraft:torch":65,"minecraft:dirt":34,"minecraft:white_carpet":2,"minecraft:carrot":36,"quark:birch_ladder":1,"minecraft:iron_axe":20,"iceandfire:ghost_chest":4,"minecraft:item_frame":1,"minecraft:furnace":4,"minecraft:beetroot_seeds":2,"ecologics:walnut":3,"tombstone:gift":7,"minecraft:stone_pressure_plate":2,"minecraft:potato":7,"minecraft:cobbled_deepslate":139,"minecraft:diorite":10,"minecraft:stone_pickaxe":56,"minecraft:baked_potato":19,"minecraft:wooden_pickaxe":19,"minecraft:spruce_sign":3,"luminousworld:ishstone":15,"securitycraft:cobblestone_mine":1,"minecraft:crafting_table":8,"quark:acacia_chest":1,"minecraft:white_bed":2,"securitycraft:furnace_mine":1,"minecraft:bread":24,"minecraft:iron_pickaxe":181,"minecraft:spruce_trapdoor":3,"ecologics:coconut_slice":6,"minecraft:stone_axe":241,"minecraft:golden_leggings":1,"minecraft:cobblestone":9,"minecraft:yellow_bed":1,"quark:oak_chest":1,"minecraft:experience_bottle":1},"minecraft:mined":{"minecraft:tuff":19,"minecraft:white_bed":1,"iceandfire:silver_ore":2,"luminousworld:grassvariant_4":1,"minecraft:deepslate_diamond_ore":8,"minecraft:purple_candle":1,"minecraft:spruce_trapdoor":3,"minecraft:ladder":1,"minecraft:granite":2,"minecraft:acacia_log":9,"minecraft:grass_block":59,"placeablesmod:carrot_block_1":2,"minecraft:coal_block":18,"ecologics:coconut_log":12,"minecraft:birch_slab":1,"minecraft:frosted_ice":2,"minecraft:oak_wall_sign":1,"minecraft:furnace":5,"minecraft:iron_ore":1,"minecraft:cobbled_deepslate":13,"minecraft:andesite":25,"minecraft:deepslate_lapis_ore":5,"minecraft:deepslate_iron_ore":29,"minecraft:vine":1,"ecologics:walnut_log":9,"minecraft:stone":928,"minecraft:deepslate_redstone_ore":4,"minecraft:crafting_table":4,"minecraft:emerald_ore":1,"iceandfire:ghost_chest":3,"minecraft:campfire":1,"quark:blossom_log":8,"minecraft:spruce_wall_sign":1,"minecraft:copper_ore":1,"minecraft:tall_grass":2,"minecraft:white_candle":1,"minecraft:deepslate_gold_ore":20,"minecraft:oak_planks":2,"minecraft:diorite":51,"minecraft:spruce_sign":1,"minecraft:skeleton_skull":1,"supplementaries:urn":2,"minecraft:white_carpet":2,"minecraft:birch_leaves":2,"minecraft:yellow_bed":1,"minecraft:wither_rose":2,"minecraft:grass":2,"ecologics:hanging_coconut":4,"minecraft:oak_log":44,"minecraft:coal_ore":112,"luminousworld:ishstone":16,"minecraft:zombie_head":1,"minecraft:dirt":65,"luminousworld:grassvariant_3":1,"minecraft:stone_bricks":2,"minecraft:oak_leaves":9,"minecraft:deepslate":956},"minecraft:crafted":{"securitycraft:mine":3,"minecraft:oak_planks":8,"minecraft:stone_shovel":1,"vanillaplustools:stone_hammer":2,"ecologics:coconut_planks":48,"ecologics:walnut_planks":36,"minecraft:furnace":2,"minecraft:flint_and_steel":1,"quark:acacia_chest":1,"minecraft:stone_pickaxe":18,"minecraft:wheat":9,"minecraft:crafting_table":4,"minecraft:wooden_pickaxe":1,"minecraft:iron_helmet":1,"securitycraft:cobblestone_mine":1,"minecraft:stone_axe":3,"minecraft:bread":25,"minecraft:air":0,"minecraft:iron_chestplate":1,"minecraft:stick":64,"quark:oak_chest":1,"minecraft:iron_ingot":30,"minecraft:iron_pickaxe":1,"minecraft:iron_leggings":1,"minecraft:acacia_planks":36,"minecraft:torch":76},"minecraft:dropped":{"minecraft:bread":5,"minecraft:wheat_seeds":68,"minecraft:golden_helmet":1,"minecraft:crafting_table":1,"minecraft:cobblestone":297,"iceandfire:ectoplasm":1,"minecraft:coal":7,"minecraft:dirt":6,"tombstone:grave_dust":1,"minecraft:string":1,"minecraft:gravel":9,"minecraft:furnace":1,"securitycraft:mine":1,"minecraft:cobbled_deepslate":616,"minecraft:tuff":13,"minecraft:rotten_flesh":1,"luminousworld:savannah_soil":2,"minecraft:carrot":15,"minecraft:flower_pot":1,"minecraft:charcoal":2,"minecraft:andesite":21,"minecraft:beetroot_seeds":16,"minecraft:golden_leggings":1,"minecraft:slime_ball":1,"minecraft:wooden_pickaxe":2}},"DataVersion":3465}