{"stats":{"minecraft:killed":{"undead_revamp2:thewolf":1,"undead_revamp2:thegliter":1,"minecraft:spider":1,"luminousworld:swallowtail":1,"quark:toretoise":1,"enemyexpansion:direwolf":1,"born_in_chaos_v1:scarlet_persecutor":4,"naturalist:snail":1,"minecraft:skeleton":7,"born_in_chaos_v1:fallen_chaos_knight":1,"earthmobsmod:bouldering_zombie":1,"enemyexpansion:troll":1,"enemyexpansion:sprinter":1,"minecraft:creeper":1,"born_in_chaos_v1:decrepit_skeleton":1,"minecraft:zombie":4,"iceandfire:ghost":6,"born_in_chaos_v1:dread_hound":1,"enemyexpansion:vampire":1},"minecraft:killed_by":{"minecraft:player":1,"undead_revamp2:the_moonflower":1,"minecraft:enderman":1,"quark:forgotten":1,"minecraft:skeleton":2,"iceandfire:ghost":2,"undead_revamp2:thebeartamer":1,"enemyexpansion:invisicreeper":2},"minecraft:custom":{"minecraft:interact_with_smithing_table":4,"minecraft:mob_kills":37,"minecraft:open_barrel":7,"minecraft:interact_with_crafting_table":52,"minecraft:interact_with_campfire":30,"minecraft:damage_dealt_resisted":172,"minecraft:leave_game":3,"minecraft:time_since_death":3035,"minecraft:climb_one_cm":28153,"minecraft:sprint_one_cm":390522,"minecraft:walk_one_cm":1246587,"minecraft:drop":146,"minecraft:talked_to_villager":2,"minecraft:play_time":295048,"minecraft:sneak_time":7027,"minecraft:deaths":12,"minecraft:walk_under_water_one_cm":20623,"minecraft:interact_with_brewingstand":1,"minecraft:jump":2772,"minecraft:interact_with_blast_furnace":3,"minecraft:walk_on_water_one_cm":11671,"minecraft:total_world_time":295048,"minecraft:interact_with_furnace":20,"tombstone:raider_killed":2,"minecraft:sleep_in_bed":12,"minecraft:time_since_rest":1493,"minecraft:damage_taken":7522,"minecraft:trigger_trapped_chest":8,"minecraft:damage_dealt":10702,"minecraft:player_kills":3,"minecraft:swim_one_cm":28498,"minecraft:fly_one_cm":481406,"minecraft:open_chest":120,"minecraft:crouch_one_cm":24616,"tombstone:undead_killed":24,"minecraft:fall_one_cm":40730,"minecraft:horse_one_cm":129021},"minecraft:picked_up":{"minecraft:wooden_axe":1,"born_in_chaos_v1:diamond_termite_shard":3,"luminousworld:groundpebbles_1":7,"minecraft:charcoal":2,"minecraft:crafting_table":6,"minecraft:wheat":138,"born_in_chaos_v1:seedof_chaos":3,"minecraft:ladder":37,"minecraft:flower_pot":1,"minecraft:golden_pickaxe":1,"minecraft:wooden_pickaxe":1,"securitycraft:furnace_mine":1,"minecraft:wither_rose":2,"minecraft:enchanted_book":1,"tombstone:grave_key":1,"minecraft:chain":1,"minecraft:polished_deepslate_wall":1,"supplementaries:globe":1,"iceandfire:manuscript":31,"minecraft:string":2,"minecraft:raw_copper":632,"minecraft:iron_axe":2,"minecraft:item_frame":1,"minecraft:armor_stand":6,"minecraft:white_carpet":2,"minecraft:experience_bottle":1,"minecraft:zombie_head":1,"minecraft:beetroot":18,"minecraft:oak_sign":1,"ecologics:walnut_sapling":1,"minecraft:cobbled_deepslate":1218,"minecraft:iron_nugget":9,"minecraft:sugar_cane":10,"minecraft:coal_block":36,"luminousworld:white_oak_plank":18,"minecraft:egg":1,"minecraft:spruce_trapdoor":3,"minecraft:furnace":9,"minecraft:iron_boots":1,"minecraft:golden_helmet":2,"minecraft:stick":3,"minecraft:raw_iron":34,"iceandfire:ghost_chest":4,"minecraft:stone":132,"ecologics:walnut_log":9,"ecologics:coconut_slice":6,"minecraft:copper_ingot":1,"minecraft:torch":113,"minecraft:acacia_log":9,"minecraft:spruce_fence":2,"quark:blossom_log":8,"tombstone:grave_dust":5,"minecraft:diorite":957,"born_in_chaos_v1:pieceofdarkmetal":4,"minecraft:carrot":342,"minecraft:redstone":18,"minecraft:stone_pressure_plate":2,"luminousworld:grassflowers":3,"minecraft:purple_candle":2,"minecraft:stone_shovel":21,"iceandfire:silver_ingot":3,"minecraft:arrow":8,"minecraft:rotten_flesh":23,"minecraft:beetroot_seeds":34,"minecraft:hay_block":1,"ecologics:coconut_log":12,"minecraft:gold_ingot":25,"supplementaries:ash":4,"minecraft:skeleton_skull":1,"minecraft:cobblestone":3777,"ecologics:walnut_planks":14,"ecologics:walnut":3,"born_in_chaos_v1:monster_flesh":1,"ecologics:coconut_planks":96,"minecraft:birch_slab":4,"minecraft:andesite":187,"luminousworld:ishstone":147,"minecraft:golden_leggings":2,"minecraft:potato":50,"minecraft:birch_planks":2,"minecraft:flint":7,"minecraft:tuff":26,"minecraft:oak_log":63,"iceandfire:ectoplasm":5,"minecraft:yellow_bed":1,"minecraft:gunpowder":22,"minecraft:lapis_lazuli":264,"minecraft:dirt":327,"minecraft:lantern":2,"minecraft:bone":47,"minecraft:gray_carpet":4,"minecraft:wheat_seeds":216,"minecraft:raw_gold":20,"minecraft:iron_ingot":7,"minecraft:stone_pickaxe":8,"minecraft:cobweb":5,"minecraft:bamboo":1,"minecraft:oak_planks":2,"minecraft:honeycomb":3,"securitycraft:mine":1,"minecraft:blast_furnace":2,"born_in_chaos_v1:ethereal_spirit":6,"ecologics:coconut_husk":6,"earthmobsmod:harder_flesh":1,"minecraft:gravel":16,"quark:oak_chest":7,"minecraft:white_bed":3,"alexsmobs:animal_dictionary":7,"minecraft:bundle":1,"quark:birch_ladder":56,"minecraft:white_candle":4,"minecraft:slime_ball":1,"minecraft:diamond":8,"minecraft:stone_axe":2,"vanillaplustools:stone_hammer":15,"minecraft:granite":456,"minecraft:spruce_sign":3,"minecraft:emerald":10,"minecraft:baked_potato":31,"tombstone:magic_scroll":3,"minecraft:oak_sapling":14,"minecraft:coal":221,"iceandfire:raw_silver":122},"minecraft:broken":{"vanillaplustools:stone_hammer":1,"minecraft:stone_axe":2},"minecraft:used":{"minecraft:flint_and_steel":2,"minecraft:purple_candle":2,"minecraft:armor_stand":4,"minecraft:stone_shovel":114,"minecraft:ladder":3,"minecraft:oak_sign":1,"supplementaries:globe":1,"vanillaplustools:stone_hammer":248,"minecraft:white_candle":4,"minecraft:torch":182,"minecraft:dirt":34,"minecraft:white_carpet":2,"minecraft:carrot":59,"quark:birch_ladder":4,"minecraft:iron_axe":40,"iceandfire:ghost_chest":5,"minecraft:item_frame":1,"minecraft:furnace":4,"minecraft:beetroot_seeds":2,"ecologics:walnut":3,"tombstone:gift":7,"minecraft:stone_pressure_plate":2,"minecraft:potato":7,"minecraft:cobbled_deepslate":139,"minecraft:diorite":10,"minecraft:stone_pickaxe":56,"minecraft:baked_potato":22,"minecraft:wooden_pickaxe":19,"minecraft:spruce_sign":3,"luminousworld:ishstone":16,"securitycraft:cobblestone_mine":1,"luminousworld:baobab_plank":2,"minecraft:crafting_table":9,"quark:acacia_chest":1,"minecraft:white_bed":3,"securitycraft:furnace_mine":1,"tombstone:magic_scroll":1,"minecraft:bread":27,"minecraft:iron_pickaxe":195,"minecraft:spruce_trapdoor":3,"ecologics:coconut_slice":6,"minecraft:stone_axe":266,"minecraft:golden_leggings":1,"minecraft:cobblestone":9,"minecraft:yellow_bed":1,"quark:oak_chest":13,"minecraft:experience_bottle":1},"minecraft:mined":{"minecraft:tuff":19,"minecraft:white_bed":1,"iceandfire:silver_ore":3,"luminousworld:grassvariant_4":1,"minecraft:deepslate_diamond_ore":8,"minecraft:purple_candle":1,"minecraft:spruce_trapdoor":3,"minecraft:ladder":1,"minecraft:granite":4,"minecraft:acacia_log":9,"minecraft:grass_block":59,"placeablesmod:carrot_block_1":2,"minecraft:coal_block":18,"ecologics:coconut_log":12,"minecraft:birch_slab":1,"minecraft:frosted_ice":2,"minecraft:oak_wall_sign":1,"minecraft:furnace":5,"minecraft:iron_ore":5,"minecraft:cobbled_deepslate":13,"minecraft:andesite":25,"minecraft:deepslate_lapis_ore":5,"minecraft:deepslate_iron_ore":29,"minecraft:vine":1,"ecologics:walnut_log":9,"minecraft:stone":1059,"minecraft:deepslate_redstone_ore":4,"minecraft:crafting_table":4,"minecraft:blast_furnace":2,"minecraft:emerald_ore":1,"iceandfire:ghost_chest":3,"minecraft:campfire":1,"quark:blossom_log":8,"minecraft:spruce_wall_sign":1,"minecraft:copper_ore":1,"minecraft:tall_grass":2,"minecraft:white_candle":1,"minecraft:deepslate_gold_ore":20,"minecraft:oak_planks":2,"minecraft:diorite":57,"minecraft:spruce_sign":1,"minecraft:skeleton_skull":1,"supplementaries:urn":2,"minecraft:white_carpet":2,"minecraft:birch_leaves":2,"minecraft:yellow_bed":1,"minecraft:wither_rose":2,"quark:birch_ladder":1,"minecraft:grass":2,"ecologics:hanging_coconut":4,"minecraft:oak_log":44,"minecraft:coal_ore":159,"luminousworld:ishstone":16,"minecraft:zombie_head":1,"minecraft:dirt":65,"minecraft:gray_carpet":4,"luminousworld:grassvariant_3":1,"minecraft:stone_bricks":2,"minecraft:polished_deepslate_wall":1,"minecraft:oak_leaves":12,"minecraft:deepslate":956},"minecraft:crafted":{"securitycraft:mine":3,"minecraft:oak_planks":120,"minecraft:stone_shovel":1,"vanillaplustools:stone_hammer":2,"ecologics:coconut_planks":48,"ecologics:walnut_planks":36,"minecraft:furnace":2,"minecraft:flint_and_steel":1,"quark:acacia_chest":1,"minecraft:leather":2,"minecraft:stone_pickaxe":18,"minecraft:chest":1,"iceandfire:ghost_chest":1,"minecraft:wheat":9,"minecraft:crafting_table":4,"minecraft:wooden_pickaxe":1,"minecraft:iron_helmet":1,"minecraft:iron_sword":1,"securitycraft:cobblestone_mine":1,"minecraft:stone_axe":4,"minecraft:bread":37,"minecraft:air":0,"minecraft:iron_chestplate":1,"minecraft:stick":68,"quark:oak_chest":11,"minecraft:iron_ingot":30,"minecraft:iron_pickaxe":1,"minecraft:iron_leggings":1,"minecraft:acacia_planks":36,"minecraft:torch":76},"minecraft:dropped":{"minecraft:bread":5,"minecraft:lapis_lazuli":92,"iceandfire:raw_silver":74,"minecraft:wheat_seeds":137,"minecraft:golden_helmet":1,"minecraft:crafting_table":1,"minecraft:cobblestone":1166,"minecraft:granite":60,"iceandfire:ectoplasm":1,"minecraft:birch_slab":2,"minecraft:coal":7,"minecraft:coal_block":9,"ecologics:walnut_planks":14,"minecraft:dirt":21,"minecraft:diorite":289,"tombstone:grave_key":1,"tombstone:grave_dust":1,"minecraft:string":1,"minecraft:polished_deepslate_wall":1,"quark:oak_chest":4,"minecraft:gravel":9,"minecraft:furnace":1,"minecraft:stone_axe":2,"securitycraft:mine":1,"alexsmobs:animal_dictionary":2,"minecraft:cobbled_deepslate":616,"minecraft:raw_copper":386,"minecraft:tuff":13,"born_in_chaos_v1:ethereal_spirit":3,"minecraft:wheat":28,"minecraft:stone_shovel":13,"minecraft:rotten_flesh":4,"luminousworld:savannah_soil":2,"minecraft:carrot":143,"luminousworld:grassflowers":2,"minecraft:chest":1,"minecraft:stone":5,"born_in_chaos_v1:seedof_chaos":1,"ecologics:coconut_husk":6,"minecraft:flower_pot":1,"quark:birch_ladder":2,"minecraft:ladder":12,"minecraft:gunpowder":12,"born_in_chaos_v1:diamond_termite_shard":1,"luminousworld:groundpebbles_1":6,"minecraft:oak_sapling":8,"minecraft:charcoal":2,"minecraft:andesite":21,"minecraft:beetroot_seeds":16,"vanillaplustools:stone_hammer":6,"minecraft:golden_leggings":1,"minecraft:slime_ball":1,"minecraft:stone_pickaxe":2,"minecraft:wooden_pickaxe":2,"iceandfire:manuscript":5}},"DataVersion":3465}