{"stats":{"minecraft:dropped":{"minecraft:oak_sapling":1,"minecraft:feather":1},"minecraft:crafted":{"minecraft:oak_planks":84,"minecraft:crafting_table":1,"minecraft:stick":24,"minecraft:wooden_pickaxe":1,"minecraft:stone_pickaxe":1,"minecraft:furnace":1,"minecraft:torch":16,"naturalist:cooked_egg":1,"minecraft:stone_axe":1,"minecraft:air":0},"minecraft:used":{"minecraft:stone_pickaxe":59,"minecraft:wooden_pickaxe":15,"luminousworld:savannah_ground":3,"minecraft:torch":2,"minecraft:stone_axe":18,"minecraft:dirt":2,"luminousworld:savannah_soil":2,"minecraft:crafting_table":2,"minecraft:furnace":1},"minecraft:killed":{"minecraft:zombie":1,"minecraft:chicken":1,"enemyexpansion:wasp":1},"minecraft:picked_up":{"minecraft:stick":4,"minecraft:crafting_table":1,"luminousworld:savannah_ground":3,"minecraft:feather":1,"minecraft:chicken":1,"luminousworld:savannah_soil":2,"minecraft:oak_log":21,"tombstone:grave_dust":1,"minecraft:dirt":4,"minecraft:oak_sapling":4,"minecraft:coal":8,"minecraft:cobblestone":62,"minecraft:egg":2},"minecraft:custom":{"minecraft:time_since_rest":11901,"minecraft:interact_with_furnace":2,"minecraft:sprint_one_cm":13970,"minecraft:damage_taken":155,"minecraft:walk_one_cm":42216,"minecraft:mob_kills":3,"minecraft:drop":2,"minecraft:damage_dealt":401,"minecraft:interact_with_crafting_table":5,"minecraft:fly_one_cm":4109,"minecraft:crouch_one_cm":2747,"minecraft:play_time":11901,"tombstone:undead_killed":1,"minecraft:sneak_time":742,"minecraft:walk_under_water_one_cm":345,"minecraft:jump":120,"minecraft:time_since_death":11901,"minecraft:walk_on_water_one_cm":650,"minecraft:total_world_time":11901,"minecraft:fall_one_cm":1815},"minecraft:mined":{"luminousworld:savannah_soil":2,"minecraft:crafting_table":1,"minecraft:grass":1,"minecraft:coal_ore":8,"minecraft:grass_block":2,"minecraft:oak_log":21,"minecraft:dirt":2,"luminousworld:whiteoakleaves":1,"minecraft:stone":66,"minecraft:oak_leaves":2,"luminousworld:savannah_ground":3}},"DataVersion":3465}