{"stats":{"minecraft:dropped":{"minecraft:feather":1,"minecraft:oak_sapling":1},"minecraft:crafted":{"minecraft:oak_planks":84,"minecraft:crafting_table":1,"minecraft:iron_helmet":1,"minecraft:wooden_pickaxe":1,"minecraft:cooked_chicken":1,"minecraft:furnace":1,"minecraft:stone_axe":1,"minecraft:bread":5,"minecraft:air":0,"minecraft:oak_boat":1,"minecraft:iron_boots":1,"minecraft:iron_chestplate":1,"minecraft:iron_axe":1,"minecraft:stick":28,"minecraft:iron_ingot":44,"minecraft:iron_pickaxe":1,"minecraft:stone_pickaxe":4,"minecraft:iron_leggings":1,"minecraft:torch":64,"naturalist:cooked_egg":2},"minecraft:killed":{"earthmobsmod:cream_cow":1,"minecraft:creeper":1,"enemyexpansion:faller":1,"minecraft:zombie":1,"alexsmobs:terrapin":1,"born_in_chaos_v1:corpse_fly":1,"minecraft:chicken":1,"minecraft:enderman":1,"enemyexpansion:wasp":1},"minecraft:used":{"naturalist:cooked_egg":2,"minecraft:stone_pickaxe":398,"minecraft:wooden_pickaxe":16,"luminousworld:ishstone":3,"luminousworld:savannah_ground":3,"minecraft:rotten_flesh":5,"minecraft:cooked_chicken":1,"minecraft:torch":28,"minecraft:dirt":5,"minecraft:crafting_table":2,"minecraft:bread":2,"minecraft:gravel":2,"minecraft:stone_axe":35,"minecraft:cobblestone":34,"luminousworld:savannah_soil":2,"minecraft:oak_sapling":3,"minecraft:furnace":1,"minecraft:andesite":8},"minecraft:broken":{"minecraft:stone_pickaxe":2},"minecraft:picked_up":{"minecraft:wheat":15,"quark:white_corundum_cluster":2,"minecraft:crafting_table":2,"luminousworld:savannah_ground":3,"minecraft:feather":1,"minecraft:chicken":1,"quark:white_corundum":1,"minecraft:andesite":8,"luminousworld:ishstone":3,"minecraft:leather":1,"minecraft:oak_log":21,"minecraft:gunpowder":2,"minecraft:dirt":6,"minecraft:wheat_seeds":31,"minecraft:beef":3,"minecraft:furnace":1,"minecraft:egg":2,"minecraft:stick":4,"minecraft:raw_iron":44,"minecraft:pumpkin":1,"minecraft:torch":4,"minecraft:gravel":2,"luminousworld:savannah_soil":2,"tombstone:grave_dust":1,"quark:blue_corundum_cluster":8,"minecraft:rotten_flesh":5,"supplementaries:ash":7,"minecraft:oak_sapling":4,"quark:blue_corundum":3,"minecraft:coal":42,"iceandfire:raw_silver":1,"minecraft:cobblestone":300},"minecraft:custom":{"minecraft:interact_with_furnace":18,"minecraft:mob_kills":10,"minecraft:interact_with_crafting_table":20,"minecraft:interact_with_loom":1,"minecraft:leave_game":1,"minecraft:time_since_death":46972,"minecraft:sleep_in_bed":1,"minecraft:time_since_rest":461,"minecraft:sprint_one_cm":24375,"minecraft:damage_taken":393,"minecraft:walk_one_cm":166002,"minecraft:drop":2,"minecraft:damage_dealt":1431,"minecraft:swim_one_cm":4128,"minecraft:fly_one_cm":16817,"minecraft:open_chest":2,"minecraft:crouch_one_cm":8942,"minecraft:play_time":46972,"tombstone:undead_killed":1,"minecraft:sneak_time":2631,"minecraft:walk_under_water_one_cm":3570,"minecraft:boat_one_cm":66327,"minecraft:jump":400,"minecraft:walk_on_water_one_cm":17426,"minecraft:total_world_time":46972,"minecraft:fall_one_cm":6124},"minecraft:mined":{"luminousworld:savannah_soil":2,"iceandfire:silver_ore":1,"quark:blue_corundum":3,"minecraft:crafting_table":2,"quark:white_corundum_cluster":1,"minecraft:grass_block":2,"quark:white_corundum":1,"luminousworld:whiteoakleaves":1,"quark:blue_corundum_cluster":3,"minecraft:cobblestone":6,"minecraft:wall_torch":3,"supplementaries:urn":1,"minecraft:furnace":1,"minecraft:iron_ore":44,"minecraft:andesite":8,"minecraft:pumpkin":1,"minecraft:grass":1,"minecraft:oak_log":21,"minecraft:coal_ore":42,"luminousworld:ishstone":3,"minecraft:gravel":1,"minecraft:dirt":3,"minecraft:stone":299,"minecraft:oak_leaves":2,"luminousworld:savannah_ground":3}},"DataVersion":3465}