{"stats":{"minecraft:dropped":{"minecraft:feather":1,"minecraft:oak_sapling":1},"minecraft:crafted":{"minecraft:oak_planks":84,"minecraft:crafting_table":1,"minecraft:iron_helmet":1,"minecraft:wooden_pickaxe":1,"minecraft:cooked_chicken":1,"minecraft:furnace":1,"minecraft:stone_axe":1,"minecraft:air":0,"minecraft:iron_boots":1,"minecraft:iron_chestplate":1,"minecraft:iron_axe":1,"minecraft:stick":28,"minecraft:iron_ingot":33,"minecraft:iron_pickaxe":1,"minecraft:stone_pickaxe":4,"minecraft:iron_leggings":1,"minecraft:torch":64,"naturalist:cooked_egg":2},"minecraft:killed":{"minecraft:creeper":1,"enemyexpansion:faller":1,"minecraft:zombie":1,"minecraft:chicken":1,"enemyexpansion:wasp":1},"minecraft:used":{"naturalist:cooked_egg":2,"minecraft:stone_pickaxe":347,"minecraft:wooden_pickaxe":16,"luminousworld:ishstone":1,"luminousworld:savannah_ground":3,"minecraft:cooked_chicken":1,"minecraft:torch":23,"minecraft:dirt":4,"minecraft:crafting_table":2,"minecraft:stone_axe":22,"minecraft:cobblestone":24,"luminousworld:savannah_soil":2,"minecraft:furnace":1},"minecraft:broken":{"minecraft:stone_pickaxe":2},"minecraft:picked_up":{"minecraft:crafting_table":1,"luminousworld:savannah_ground":3,"minecraft:feather":1,"minecraft:chicken":1,"minecraft:andesite":8,"luminousworld:ishstone":3,"minecraft:oak_log":21,"minecraft:gunpowder":2,"minecraft:dirt":4,"minecraft:egg":2,"minecraft:stick":4,"minecraft:raw_iron":44,"minecraft:torch":2,"luminousworld:savannah_soil":2,"tombstone:grave_dust":1,"quark:blue_corundum_cluster":7,"supplementaries:ash":7,"minecraft:oak_sapling":4,"quark:blue_corundum":2,"minecraft:coal":42,"minecraft:cobblestone":255},"minecraft:custom":{"minecraft:interact_with_furnace":14,"minecraft:mob_kills":5,"minecraft:interact_with_crafting_table":17,"minecraft:interact_with_loom":1,"minecraft:leave_game":1,"minecraft:time_since_death":34972,"minecraft:time_since_rest":34972,"minecraft:sprint_one_cm":14774,"minecraft:damage_taken":235,"minecraft:walk_one_cm":109975,"minecraft:drop":2,"minecraft:damage_dealt":641,"minecraft:swim_one_cm":1163,"minecraft:fly_one_cm":4317,"minecraft:crouch_one_cm":8801,"minecraft:play_time":34972,"tombstone:undead_killed":1,"minecraft:sneak_time":2608,"minecraft:walk_under_water_one_cm":2710,"minecraft:jump":240,"minecraft:walk_on_water_one_cm":8623,"minecraft:total_world_time":34972,"minecraft:fall_one_cm":2353},"minecraft:mined":{"luminousworld:savannah_soil":2,"quark:blue_corundum":2,"minecraft:crafting_table":1,"minecraft:grass_block":2,"luminousworld:whiteoakleaves":1,"quark:blue_corundum_cluster":2,"minecraft:cobblestone":6,"minecraft:wall_torch":1,"supplementaries:urn":1,"minecraft:iron_ore":44,"minecraft:andesite":8,"minecraft:grass":1,"minecraft:oak_log":21,"minecraft:coal_ore":42,"luminousworld:ishstone":3,"minecraft:dirt":2,"minecraft:stone":254,"minecraft:oak_leaves":2,"luminousworld:savannah_ground":3}},"DataVersion":3465}