{"stats":{"minecraft:dropped":{"minecraft:oak_sapling":1,"minecraft:feather":1},"minecraft:crafted":{"minecraft:oak_planks":84,"minecraft:crafting_table":1,"minecraft:stick":24,"minecraft:cooked_chicken":1,"minecraft:wooden_pickaxe":1,"minecraft:stone_pickaxe":4,"minecraft:furnace":1,"minecraft:torch":16,"naturalist:cooked_egg":2,"minecraft:stone_axe":1,"minecraft:air":0},"minecraft:killed":{"minecraft:zombie":1,"minecraft:chicken":1,"enemyexpansion:wasp":1},"minecraft:used":{"naturalist:cooked_egg":2,"minecraft:stone_pickaxe":272,"minecraft:wooden_pickaxe":16,"luminousworld:ishstone":1,"luminousworld:savannah_ground":3,"minecraft:cooked_chicken":1,"minecraft:torch":13,"minecraft:stone_axe":19,"minecraft:dirt":4,"minecraft:cobblestone":18,"luminousworld:savannah_soil":2,"minecraft:crafting_table":2,"minecraft:furnace":1},"minecraft:broken":{"minecraft:stone_pickaxe":2},"minecraft:picked_up":{"minecraft:raw_iron":14,"minecraft:stick":4,"minecraft:crafting_table":1,"luminousworld:savannah_ground":3,"minecraft:feather":1,"minecraft:chicken":1,"minecraft:andesite":7,"luminousworld:ishstone":2,"minecraft:torch":1,"luminousworld:savannah_soil":2,"minecraft:oak_log":21,"tombstone:grave_dust":1,"minecraft:dirt":4,"supplementaries:ash":7,"minecraft:oak_sapling":4,"minecraft:coal":31,"minecraft:cobblestone":227,"minecraft:egg":2},"minecraft:custom":{"minecraft:time_since_rest":23901,"minecraft:interact_with_furnace":4,"minecraft:sprint_one_cm":13970,"minecraft:damage_taken":235,"minecraft:walk_one_cm":72105,"minecraft:mob_kills":3,"minecraft:drop":2,"minecraft:damage_dealt":491,"minecraft:swim_one_cm":331,"minecraft:interact_with_crafting_table":9,"minecraft:fly_one_cm":4109,"minecraft:crouch_one_cm":8390,"minecraft:play_time":23901,"tombstone:undead_killed":1,"minecraft:sneak_time":2530,"minecraft:walk_under_water_one_cm":2527,"minecraft:jump":167,"minecraft:time_since_death":23901,"minecraft:walk_on_water_one_cm":5818,"minecraft:total_world_time":23901,"minecraft:fall_one_cm":1815},"minecraft:mined":{"supplementaries:urn":1,"luminousworld:savannah_soil":2,"minecraft:iron_ore":14,"minecraft:andesite":8,"minecraft:crafting_table":1,"luminousworld:ishstone":2,"minecraft:grass":1,"minecraft:coal_ore":31,"minecraft:grass_block":2,"minecraft:oak_log":21,"minecraft:dirt":2,"luminousworld:whiteoakleaves":1,"minecraft:cobblestone":3,"minecraft:stone":229,"minecraft:oak_leaves":2,"luminousworld:savannah_ground":3}},"DataVersion":3465}