{"stats":{"minecraft:broken":{"vanillaplustools:stone_hammer":1,"minecraft:stone_axe":1},"minecraft:killed_by":{"minecraft:player":1,"quark:forgotten":1,"iceandfire:ghost":1},"minecraft:used":{"minecraft:armor_stand":4,"minecraft:stone_shovel":114,"minecraft:ladder":1,"minecraft:oak_sign":1,"vanillaplustools:stone_hammer":216,"minecraft:torch":63,"minecraft:dirt":4,"minecraft:white_carpet":2,"minecraft:carrot":19,"minecraft:iron_axe":4,"iceandfire:ghost_chest":2,"minecraft:item_frame":1,"minecraft:furnace":2,"ecologics:walnut":3,"minecraft:beetroot_seeds":2,"tombstone:gift":4,"minecraft:stone_pressure_plate":2,"minecraft:potato":2,"minecraft:cobbled_deepslate":106,"minecraft:diorite":10,"minecraft:stone_pickaxe":56,"minecraft:baked_potato":16,"minecraft:wooden_pickaxe":19,"minecraft:spruce_sign":1,"luminousworld:ishstone":15,"minecraft:crafting_table":7,"quark:acacia_chest":1,"minecraft:white_bed":1,"minecraft:bread":16,"minecraft:iron_pickaxe":130,"minecraft:spruce_trapdoor":2,"minecraft:golden_leggings":1,"minecraft:stone_axe":153,"minecraft:cobblestone":1,"minecraft:yellow_bed":1,"minecraft:experience_bottle":1},"minecraft:crafted":{"minecraft:stone_shovel":1,"vanillaplustools:stone_hammer":2,"ecologics:walnut_planks":36,"minecraft:furnace":1,"quark:acacia_chest":1,"minecraft:stone_pickaxe":18,"minecraft:wheat":9,"minecraft:crafting_table":3,"minecraft:wooden_pickaxe":1,"minecraft:stone_axe":2,"minecraft:bread":12,"minecraft:air":0,"minecraft:stick":60,"minecraft:iron_ingot":3,"minecraft:iron_pickaxe":1,"minecraft:acacia_planks":36,"minecraft:torch":68},"minecraft:picked_up":{"minecraft:charcoal":2,"minecraft:crafting_table":5,"minecraft:wheat":29,"minecraft:ladder":1,"minecraft:flower_pot":1,"minecraft:wooden_pickaxe":1,"minecraft:enchanted_book":1,"minecraft:wither_rose":2,"minecraft:chain":1,"iceandfire:manuscript":16,"minecraft:string":1,"minecraft:raw_copper":5,"minecraft:iron_axe":1,"minecraft:item_frame":1,"minecraft:armor_stand":6,"minecraft:white_carpet":2,"minecraft:experience_bottle":1,"minecraft:zombie_head":1,"minecraft:beetroot":8,"minecraft:oak_sign":1,"ecologics:walnut_sapling":1,"minecraft:cobbled_deepslate":1079,"minecraft:coal_block":18,"minecraft:spruce_trapdoor":3,"minecraft:iron_boots":1,"minecraft:furnace":5,"minecraft:golden_helmet":2,"minecraft:stick":3,"minecraft:raw_iron":22,"iceandfire:ghost_chest":2,"ecologics:walnut_log":9,"minecraft:copper_ingot":1,"minecraft:torch":3,"minecraft:acacia_log":9,"tombstone:grave_dust":2,"minecraft:diorite":51,"minecraft:carrot":57,"minecraft:redstone":18,"minecraft:stone_pressure_plate":2,"minecraft:arrow":3,"iceandfire:silver_ingot":3,"minecraft:rotten_flesh":9,"minecraft:beetroot_seeds":14,"minecraft:hay_block":1,"minecraft:gold_ingot":2,"minecraft:skeleton_skull":1,"minecraft:cobblestone":909,"ecologics:walnut":3,"born_in_chaos_v1:monster_flesh":1,"minecraft:andesite":21,"luminousworld:ishstone":15,"minecraft:golden_leggings":2,"minecraft:potato":16,"minecraft:tuff":13,"minecraft:oak_log":26,"iceandfire:ectoplasm":2,"minecraft:yellow_bed":1,"minecraft:gunpowder":2,"minecraft:lapis_lazuli":31,"minecraft:dirt":115,"minecraft:lantern":2,"minecraft:bone":12,"minecraft:wheat_seeds":47,"minecraft:raw_gold":20,"minecraft:iron_ingot":4,"minecraft:cobweb":5,"minecraft:bamboo":1,"minecraft:honeycomb":3,"minecraft:oak_planks":2,"earthmobsmod:harder_flesh":1,"minecraft:gravel":9,"minecraft:white_bed":1,"minecraft:bundle":1,"minecraft:diamond":8,"minecraft:spruce_sign":1,"minecraft:emerald":1,"minecraft:baked_potato":17,"tombstone:magic_scroll":1,"minecraft:coal":58,"iceandfire:raw_silver":2},"minecraft:dropped":{"minecraft:golden_helmet":1,"minecraft:crafting_table":1,"minecraft:cobblestone":233,"iceandfire:ectoplasm":1,"minecraft:coal":7,"minecraft:gravel":9,"minecraft:furnace":1,"minecraft:cobbled_deepslate":616,"minecraft:rotten_flesh":1,"minecraft:carrot":15,"minecraft:flower_pot":1,"minecraft:charcoal":2,"minecraft:andesite":21,"minecraft:golden_leggings":1,"minecraft:wooden_pickaxe":2},"minecraft:custom":{"minecraft:interact_with_smithing_table":4,"minecraft:mob_kills":19,"minecraft:interact_with_crafting_table":21,"minecraft:interact_with_campfire":16,"minecraft:leave_game":1,"minecraft:time_since_death":25535,"minecraft:climb_one_cm":8720,"minecraft:sprint_one_cm":126174,"minecraft:walk_one_cm":642808,"minecraft:drop":30,"minecraft:talked_to_villager":1,"minecraft:play_time":118679,"minecraft:deaths":3,"minecraft:sneak_time":2692,"minecraft:walk_under_water_one_cm":726,"minecraft:jump":1062,"minecraft:walk_on_water_one_cm":2016,"minecraft:total_world_time":118679,"minecraft:interact_with_furnace":3,"tombstone:raider_killed":2,"minecraft:sleep_in_bed":5,"minecraft:time_since_rest":24013,"minecraft:damage_taken":2883,"minecraft:trigger_trapped_chest":4,"minecraft:damage_dealt":5514,"minecraft:swim_one_cm":4844,"minecraft:fly_one_cm":142439,"minecraft:open_chest":32,"minecraft:crouch_one_cm":8011,"tombstone:undead_killed":12,"minecraft:fall_one_cm":8871,"minecraft:horse_one_cm":129021},"minecraft:killed":{"undead_revamp2:thegliter":1,"minecraft:spider":1,"luminousworld:swallowtail":1,"quark:toretoise":1,"enemyexpansion:direwolf":1,"born_in_chaos_v1:scarlet_persecutor":1,"minecraft:skeleton":2,"earthmobsmod:bouldering_zombie":1,"enemyexpansion:sprinter":1,"minecraft:creeper":1,"born_in_chaos_v1:decrepit_skeleton":1,"minecraft:zombie":3,"iceandfire:ghost":2,"born_in_chaos_v1:dread_hound":1,"enemyexpansion:vampire":1},"minecraft:mined":{"minecraft:tuff":19,"iceandfire:silver_ore":2,"minecraft:deepslate_diamond_ore":8,"luminousworld:grassvariant_4":1,"minecraft:spruce_trapdoor":3,"minecraft:granite":1,"minecraft:ladder":1,"minecraft:acacia_log":9,"minecraft:grass_block":59,"minecraft:coal_block":18,"minecraft:oak_wall_sign":1,"minecraft:furnace":4,"minecraft:cobbled_deepslate":10,"minecraft:andesite":24,"minecraft:deepslate_lapis_ore":5,"minecraft:deepslate_iron_ore":22,"minecraft:vine":1,"ecologics:walnut_log":9,"minecraft:stone":893,"minecraft:deepslate_redstone_ore":4,"minecraft:crafting_table":4,"minecraft:emerald_ore":1,"iceandfire:ghost_chest":2,"minecraft:campfire":1,"minecraft:spruce_wall_sign":1,"minecraft:tall_grass":2,"minecraft:copper_ore":1,"minecraft:deepslate_gold_ore":20,"minecraft:oak_planks":2,"minecraft:diorite":51,"minecraft:skeleton_skull":1,"minecraft:white_carpet":2,"minecraft:birch_leaves":2,"minecraft:yellow_bed":1,"minecraft:wither_rose":2,"minecraft:grass":2,"minecraft:coal_ore":38,"minecraft:oak_log":27,"luminousworld:ishstone":16,"minecraft:zombie_head":1,"minecraft:dirt":60,"luminousworld:grassvariant_3":1,"minecraft:stone_bricks":2,"minecraft:oak_leaves":9,"minecraft:deepslate":948}},"DataVersion":3465}