{"stats":{"minecraft:dropped":{"minecraft:birch_planks":128,"minecraft:wooden_axe":1,"minecraft:wooden_pickaxe":1},"minecraft:crafted":{"minecraft:oak_boat":1,"minecraft:oak_planks":48,"minecraft:cooked_porkchop":2,"minecraft:crafting_table":3,"minecraft:stick":12,"quark:oak_chest":2,"minecraft:wooden_pickaxe":1,"minecraft:birch_boat":1,"minecraft:stone_pickaxe":1,"minecraft:wooden_axe":1,"minecraft:furnace":1,"minecraft:birch_planks":188,"minecraft:stone_axe":1},"minecraft:used":{"minecraft:wooden_axe":31,"minecraft:oak_planks":11,"minecraft:wooden_pickaxe":17,"minecraft:birch_boat":1,"luminousworld:white_oak_plank":11,"minecraft:stone_axe":52,"minecraft:crafting_table":3,"minecraft:furnace":1,"minecraft:porkchop":3,"tombstone:gift":1,"quark:oak_chest":5,"minecraft:oak_boat":1},"minecraft:killed":{"minecraft:sheep":3,"undead_revamp2:the_moonflower":2,"enemyexpansion:sprinter":1,"born_in_chaos_v1:decrepit_skeleton":1},"minecraft:picked_up":{"minecraft:birch_log":60,"minecraft:stick":14,"minecraft:brown_wool":1,"minecraft:leather":1,"minecraft:fire_charge":3,"minecraft:porkchop":3,"minecraft:oak_log":14,"tombstone:grave_dust":3,"quark:oak_chest":3,"minecraft:dirt":4,"alexsmobs:animal_dictionary":1,"luminousworld:white_oak_sapling":1,"minecraft:bone":1,"minecraft:rotten_flesh":5,"minecraft:kelp":19,"minecraft:glistering_melon_slice":4,"minecraft:mutton":5,"minecraft:oak_sapling":2,"luminousworld:white_petunias":1,"minecraft:sugar_cane":12,"minecraft:birch_sapling":3,"luminousworld:white_oak_plank":12,"minecraft:white_wool":2,"minecraft:cobblestone":15},"minecraft:killed_by":{"iceandfire:ghost":1,"minecraft:player":1,"undead_revamp2:thespitter":1},"minecraft:custom":{"minecraft:time_since_rest":8555,"minecraft:interact_with_furnace":5,"minecraft:sprint_one_cm":66149,"minecraft:damage_taken":1050,"minecraft:walk_one_cm":61564,"minecraft:mob_kills":7,"minecraft:drop":4,"minecraft:damage_dealt":957,"minecraft:interact_with_crafting_table":9,"minecraft:swim_one_cm":1955,"minecraft:fly_one_cm":54997,"minecraft:open_chest":13,"minecraft:crouch_one_cm":7465,"minecraft:play_time":39687,"tombstone:undead_killed":4,"minecraft:deaths":4,"minecraft:sneak_time":2037,"minecraft:walk_under_water_one_cm":1054,"minecraft:boat_one_cm":174666,"minecraft:jump":340,"minecraft:leave_game":2,"minecraft:time_since_death":9198,"minecraft:walk_on_water_one_cm":7924,"minecraft:total_world_time":39687,"minecraft:fall_one_cm":5185},"minecraft:mined":{"minecraft:birch_planks":1,"luminousworld:grassvariant_4":1,"quark:oak_chest":3,"minecraft:birch_log":60,"minecraft:birch_leaves":1,"minecraft:grass":1,"minecraft:oak_log":14,"luminousworld:whiteoakleaves":3,"minecraft:stone":15,"minecraft:sugar_cane":5,"minecraft:oak_leaves":6}},"DataVersion":3465}