{"stats":{"minecraft:dropped":{"luminousworld:ishstone":50,"minecraft:cooked_porkchop":1,"minecraft:cobblestone":1112,"minecraft:granite":64,"minecraft:grass":3,"minecraft:diorite":217,"naturalist:bass":5,"minecraft:wooden_axe":1,"minecraft:gravel":1,"minecraft:stone_axe":1,"vanillaplustools:stone_shovel":1,"minecraft:birch_sapling":2,"minecraft:white_bed":3,"minecraft:carrot":3,"minecraft:shield":1,"minecraft:andesite":64,"vanillaplustools:stone_hammer":1,"minecraft:oak_sapling":1,"minecraft:golden_leggings":1,"minecraft:acacia_sapling":2,"minecraft:wooden_pickaxe":1,"minecraft:stone_pickaxe":4},"minecraft:crafted":{"minecraft:stone_shovel":25,"vanillaplustools:stone_hammer":6,"quark:birch_ladder":12,"minecraft:stone":48,"iceandfire:armor_silver_metal_chestplate":1,"minecraft:iron_axe":1,"luminousworld:white_oak_plank":64,"minecraft:stone_pickaxe":59,"vanillaplustools:stone_shovel":2,"iceandfire:armor_silver_metal_boots":1,"iceandfire:silver_ingot":15,"minecraft:cooked_porkchop":5,"minecraft:crafting_table":1,"minecraft:wooden_pickaxe":1,"minecraft:baked_potato":26,"minecraft:birch_planks":76,"minecraft:stone_axe":1,"minecraft:air":0,"minecraft:shield":2,"minecraft:stick":168,"minecraft:wooden_axe":1,"minecraft:iron_shovel":1,"minecraft:acacia_planks":28,"minecraft:torch":28},"minecraft:killed":{"enemyexpansion:faller":1,"iceandfire:ghost":3},"minecraft:broken":{"minecraft:golden_helmet":1,"vanillaplustools:stone_hammer":7,"minecraft:stone_shovel":1},"minecraft:used":{"minecraft:oak_fence":1,"minecraft:iron_shovel":71,"minecraft:stone_shovel":131,"minecraft:oak_sign":1,"vanillaplustools:stone_hammer":1000,"minecraft:torch":41,"minecraft:dirt":25,"minecraft:spruce_fence":1,"minecraft:granite":1,"quark:birch_ladder":7,"minecraft:wooden_axe":22,"minecraft:lantern":1,"tombstone:gift":3,"minecraft:water_bucket":3,"minecraft:diorite":22,"minecraft:baked_potato":5,"minecraft:stone_pickaxe":166,"minecraft:oak_planks":3,"minecraft:wooden_pickaxe":16,"luminousworld:ishstone":19,"minecraft:crafting_table":2,"vanillaplustools:stone_shovel":32,"minecraft:white_bed":3,"minecraft:stone_brick_wall":1,"minecraft:flower_pot":1,"minecraft:bread":19,"minecraft:gravel":9,"minecraft:stone_axe":67,"minecraft:cobblestone":113,"minecraft:cooked_porkchop":3,"minecraft:bucket":3,"quark:oak_chest":2},"minecraft:picked_up":{"luminousworld:groundpebbles_1":3,"born_in_chaos_v1:diamond_termite_shard":1,"minecraft:crafting_table":1,"minecraft:wheat":14,"minecraft:ladder":10,"minecraft:flower_pot":1,"born_in_chaos_v1:seedof_chaos":1,"minecraft:stone_brick_wall":2,"luminousworld:bao_bob_wood":1,"iceandfire:manuscript":5,"minecraft:raw_copper":183,"minecraft:oak_sign":1,"minecraft:birch_sapling":2,"minecraft:golden_helmet":1,"minecraft:stick":24,"minecraft:raw_iron":27,"minecraft:oak_fence":1,"minecraft:torch":27,"minecraft:acacia_log":7,"minecraft:spruce_fence":1,"minecraft:diorite":781,"tombstone:grave_dust":1,"born_in_chaos_v1:pieceofdarkmetal":4,"minecraft:carrot":6,"minecraft:stone_shovel":2,"minecraft:cobblestone":2726,"minecraft:birch_log":19,"minecraft:water_bucket":1,"minecraft:andesite":67,"luminousworld:ishstone":152,"minecraft:golden_leggings":1,"minecraft:birch_planks":27,"minecraft:flint":31,"minecraft:gunpowder":5,"minecraft:lapis_lazuli":87,"minecraft:dirt":141,"minecraft:lantern":1,"tombstone:gift":1,"naturalist:bass":10,"minecraft:apple":1,"minecraft:wheat_seeds":52,"minecraft:stone_pickaxe":2,"minecraft:iron_ingot":14,"minecraft:acacia_sapling":3,"minecraft:oak_planks":4,"minecraft:book":3,"minecraft:gravel":117,"minecraft:white_bed":6,"quark:oak_chest":2,"luminousworld:whiteoaklog":18,"minecraft:granite":136,"vanillaplustools:stone_hammer":4,"minecraft:grass":3,"minecraft:oak_sapling":7,"luminousworld:bao_bob_log":16,"minecraft:coal":75,"iceandfire:raw_silver":65},"minecraft:killed_by":{"minecraft:player":7,"iceandfire:ghost":1,"enemyexpansion:invisicreeper":2},"minecraft:custom":{"minecraft:mob_kills":4,"minecraft:interact_with_crafting_table":29,"minecraft:leave_game":4,"minecraft:time_since_death":25573,"minecraft:climb_one_cm":29718,"minecraft:sprint_one_cm":452408,"minecraft:walk_one_cm":713545,"minecraft:drop":55,"minecraft:play_time":211612,"minecraft:deaths":13,"minecraft:sneak_time":2751,"minecraft:walk_under_water_one_cm":20326,"minecraft:jump":1810,"minecraft:walk_on_water_one_cm":14028,"minecraft:total_world_time":211612,"minecraft:interact_with_furnace":63,"minecraft:pot_flower":1,"minecraft:sleep_in_bed":4,"minecraft:time_since_rest":23905,"minecraft:damage_taken":5411,"minecraft:trigger_trapped_chest":2,"minecraft:damage_dealt":1619,"minecraft:swim_one_cm":23969,"minecraft:fly_one_cm":342505,"minecraft:player_kills":3,"minecraft:open_chest":106,"minecraft:crouch_one_cm":7208,"tombstone:undead_killed":3,"minecraft:fall_one_cm":43538},"minecraft:mined":{"minecraft:white_bed":3,"iceandfire:silver_ore":23,"minecraft:granite":143,"minecraft:acacia_log":7,"luminousworld:bao_bob_wood":1,"minecraft:grass_block":3,"minecraft:stone_brick_wall":2,"minecraft:potted_bamboo":1,"minecraft:oak_wall_sign":1,"minecraft:iron_ore":28,"minecraft:cobbled_deepslate":5,"minecraft:andesite":352,"minecraft:bookshelf":1,"minecraft:stone":6041,"quark:oak_chest":2,"minecraft:crafting_table":1,"minecraft:torch":1,"minecraft:copper_ore":51,"minecraft:cobblestone":66,"minecraft:lapis_ore":14,"minecraft:oak_planks":4,"minecraft:diorite":1016,"minecraft:wall_torch":2,"minecraft:spruce_sign":1,"luminousworld:whiteoaklog":16,"minecraft:birch_log":19,"luminousworld:bao_bob_log":16,"minecraft:coal_ore":74,"luminousworld:ishstone":301,"minecraft:gravel":298,"minecraft:dirt":270}},"DataVersion":3465}