{"stats":{"minecraft:crafted":{"minecraft:oak_planks":116,"minecraft:stone_shovel":25,"vanillaplustools:stone_hammer":6,"quark:birch_ladder":12,"minecraft:stone":48,"iceandfire:armor_silver_metal_chestplate":1,"iceandfire:armor_silver_metal_leggings":1,"minecraft:iron_axe":2,"luminousworld:white_oak_plank":64,"minecraft:stone_pickaxe":59,"vanillaplustools:stone_shovel":2,"iceandfire:armor_silver_metal_boots":1,"minecraft:oak_fence":60,"minecraft:wheat":54,"quark:blossom_planks":32,"iceandfire:silver_ingot":31,"minecraft:cooked_porkchop":5,"minecraft:crafting_table":1,"minecraft:wooden_pickaxe":1,"minecraft:baked_potato":26,"minecraft:iron_sword":1,"minecraft:birch_planks":76,"minecraft:stone_axe":1,"minecraft:bread":33,"minecraft:air":0,"minecraft:oak_fence_gate":3,"iceandfire:armor_silver_metal_helmet":1,"minecraft:shield":2,"minecraft:stick":220,"minecraft:wooden_axe":1,"minecraft:iron_shovel":1,"minecraft:acacia_planks":28,"minecraft:torch":28},"minecraft:dropped":{"minecraft:bread":17,"minecraft:wheat_seeds":19,"minecraft:oak_log":2,"minecraft:baked_potato":10,"luminousworld:ishstone":50,"minecraft:cooked_porkchop":1,"minecraft:oak_fence":30,"minecraft:cobblestone":1112,"minecraft:granite":64,"born_in_chaos_v1:pieceofdarkmetal":3,"minecraft:grass_block":1,"minecraft:stick":3,"minecraft:dirt":1,"minecraft:grass":3,"minecraft:diorite":217,"naturalist:bass":5,"minecraft:wooden_axe":1,"minecraft:iron_axe":2,"minecraft:gravel":1,"minecraft:stone_axe":1,"vanillaplustools:stone_shovel":1,"minecraft:birch_sapling":2,"undead_revamp2:arapholia":1,"minecraft:rotten_flesh":4,"minecraft:white_bed":3,"minecraft:carrot":3,"minecraft:shield":1,"luminousworld:groundpebbles_1":1,"minecraft:andesite":64,"born_in_chaos_v1:corpse_maggot":8,"minecraft:golden_leggings":1,"minecraft:oak_sapling":1,"minecraft:acacia_sapling":2,"vanillaplustools:stone_hammer":1,"luminousworld:elephant_grass":1,"minecraft:wooden_pickaxe":1,"minecraft:stone_pickaxe":4},"minecraft:killed":{"undead_revamp2:thehunter":1,"undead_revamp2:theimmortal":6,"undead_revamp2:bomber":1,"born_in_chaos_v1:maggot":3,"minecraft:skeleton":2,"enemyexpansion:faller":1,"illagerinvasion:provoker":1,"born_in_chaos_v1:skeleton_thrasher":1,"born_in_chaos_v1:corpse_fish":1,"luminousworld:savannah_zombie":3,"minecraft:pig":3,"earthmobsmod:lobber_zombie":1,"minecraft:creeper":1,"born_in_chaos_v1:decrepit_skeleton":3,"minecraft:zombie":3,"iceandfire:ghost":3,"born_in_chaos_v1:corpse_fly":1,"enemyexpansion:slugger":1},"minecraft:broken":{"minecraft:golden_helmet":1,"vanillaplustools:stone_hammer":7,"minecraft:iron_axe":1,"minecraft:stone_shovel":1},"minecraft:used":{"minecraft:oak_fence":36,"minecraft:iron_shovel":71,"minecraft:stone_shovel":131,"minecraft:oak_sign":1,"minecraft:shield":11,"minecraft:iron_sword":12,"vanillaplustools:stone_hammer":1007,"minecraft:torch":49,"minecraft:dirt":32,"minecraft:granite":1,"minecraft:spruce_fence":1,"minecraft:oak_fence_gate":5,"minecraft:wooden_axe":22,"quark:birch_ladder":7,"minecraft:lantern":1,"minecraft:iron_axe":158,"minecraft:oak_sapling":5,"tombstone:gift":5,"minecraft:egg":1,"sophisticatedbackpacks:gold_backpack":1,"minecraft:diorite":22,"minecraft:water_bucket":3,"minecraft:baked_potato":26,"minecraft:oak_planks":3,"minecraft:stone_pickaxe":175,"minecraft:wooden_pickaxe":16,"luminousworld:ishstone":19,"minecraft:blast_furnace":1,"vanillaplustools:stone_shovel":32,"minecraft:crafting_table":2,"minecraft:white_bed":4,"minecraft:stone_brick_wall":1,"minecraft:flower_pot":1,"minecraft:bread":30,"minecraft:gravel":9,"minecraft:stone_axe":67,"minecraft:cobblestone":123,"minecraft:cooked_porkchop":4,"minecraft:bucket":3,"quark:oak_chest":2},"minecraft:picked_up":{"minecraft:mud":1,"born_in_chaos_v1:diamond_termite_shard":1,"sophisticatedbackpacks:gold_backpack":2,"luminousworld:groundpebbles_1":4,"minecraft:crafting_table":1,"minecraft:wheat":66,"minecraft:ladder":10,"minecraft:flower_pot":2,"born_in_chaos_v1:seedof_chaos":1,"minecraft:stone_slab":4,"minecraft:stone_brick_wall":2,"luminousworld:bao_bob_wood":1,"iceandfire:manuscript":5,"minecraft:raw_copper":183,"minecraft:iron_axe":1,"minecraft:iron_leggings":1,"minecraft:oak_sign":1,"minecraft:candle":2,"born_in_chaos_v1:gnawed_bones":1,"minecraft:birch_sapling":2,"minecraft:egg":1,"minecraft:golden_helmet":1,"minecraft:stick":31,"minecraft:raw_iron":27,"ecologics:coconut_slice":4,"minecraft:oak_fence":7,"minecraft:torch":35,"minecraft:acacia_log":7,"minecraft:spruce_fence":1,"minecraft:porkchop":5,"tombstone:grave_dust":5,"minecraft:diorite":781,"born_in_chaos_v1:pieceofdarkmetal":7,"minecraft:carrot":6,"minecraft:arrow":1,"minecraft:stone_shovel":2,"minecraft:rotten_flesh":8,"minecraft:hay_block":6,"mowziesmobs:umvuthana_mask_bliss":1,"minecraft:cobblestone":2761,"born_in_chaos_v1:fused_bone":1,"minecraft:birch_log":19,"born_in_chaos_v1:corpse_maggot":8,"minecraft:water_bucket":1,"minecraft:andesite":67,"luminousworld:ishstone":152,"minecraft:golden_leggings":1,"minecraft:birch_planks":27,"minecraft:flint":31,"minecraft:oak_log":48,"minecraft:gunpowder":5,"minecraft:lapis_lazuli":87,"minecraft:dirt":143,"minecraft:lantern":1,"tombstone:gift":1,"naturalist:bass":10,"minecraft:bone":12,"minecraft:apple":3,"minecraft:bow":3,"minecraft:wheat_seeds":135,"luminousworld:elephant_grass":1,"minecraft:iron_ingot":17,"minecraft:oak_fence_gate":2,"minecraft:stone_pickaxe":2,"minecraft:oak_planks":4,"minecraft:acacia_sapling":3,"minecraft:book":3,"minecraft:warped_fungus":1,"minecraft:gravel":117,"minecraft:blast_furnace":1,"minecraft:white_bed":8,"minecraft:grass_block":1,"quark:oak_chest":2,"luminousworld:whiteoaklog":18,"minecraft:bundle":1,"minecraft:slime_ball":6,"minecraft:chainmail_leggings":1,"minecraft:granite":136,"vanillaplustools:stone_hammer":4,"minecraft:grass":3,"minecraft:emerald":1,"minecraft:baked_potato":20,"tombstone:magic_scroll":1,"minecraft:oak_sapling":15,"luminousworld:bao_bob_log":16,"minecraft:coal":97,"iceandfire:raw_silver":65},"minecraft:killed_by":{"undead_revamp2:theimmortal":1,"minecraft:player":7,"undead_revamp2:the_moonflower":1,"born_in_chaos_v1:zombie_lumberjack":1,"minecraft:vindicator":1,"iceandfire:ghost":1,"enemyexpansion:invisicreeper":2},"minecraft:custom":{"minecraft:mob_kills":37,"minecraft:animals_bred":1,"minecraft:interact_with_crafting_table":38,"minecraft:leave_game":10,"minecraft:time_since_death":7376,"minecraft:climb_one_cm":50559,"minecraft:sprint_one_cm":905214,"minecraft:walk_one_cm":985433,"minecraft:damage_blocked_by_shield":360,"minecraft:drop":72,"minecraft:talked_to_villager":2,"minecraft:play_time":331108,"minecraft:sneak_time":4699,"minecraft:deaths":17,"minecraft:walk_under_water_one_cm":33502,"minecraft:jump":3772,"minecraft:interact_with_blast_furnace":1,"minecraft:walk_on_water_one_cm":40412,"minecraft:total_world_time":331108,"minecraft:interact_with_furnace":69,"tombstone:raider_killed":1,"minecraft:pot_flower":1,"minecraft:sleep_in_bed":5,"minecraft:time_since_rest":4070,"minecraft:damage_taken":7678,"minecraft:trigger_trapped_chest":2,"minecraft:damage_dealt":8634,"minecraft:swim_one_cm":100767,"minecraft:player_kills":3,"minecraft:fly_one_cm":751300,"minecraft:open_chest":153,"minecraft:crouch_one_cm":12466,"tombstone:undead_killed":25,"minecraft:fall_one_cm":80252},"minecraft:mined":{"minecraft:white_bed":5,"iceandfire:silver_ore":23,"minecraft:candle":2,"sophisticatedbackpacks:gold_backpack":1,"minecraft:granite":143,"minecraft:acacia_log":7,"luminousworld:bao_bob_wood":1,"minecraft:grass_block":5,"minecraft:stone_brick_wall":2,"minecraft:potted_bamboo":1,"minecraft:oak_wall_sign":1,"born_in_chaos_v1:gnawed_bones":1,"minecraft:potted_warped_fungus":1,"minecraft:hay_block":7,"minecraft:iron_ore":28,"minecraft:cobbled_deepslate":5,"minecraft:andesite":352,"minecraft:bookshelf":1,"minecraft:stone":6073,"minecraft:acacia_leaves":1,"quark:oak_chest":2,"minecraft:oak_fence":6,"minecraft:crafting_table":1,"minecraft:torch":5,"minecraft:blast_furnace":1,"minecraft:copper_ore":51,"minecraft:tall_grass":1,"minecraft:stone_slab":1,"minecraft:cobblestone":69,"minecraft:lapis_ore":14,"minecraft:oak_planks":4,"minecraft:wall_torch":6,"minecraft:diorite":1016,"minecraft:spruce_sign":1,"luminousworld:whiteoaklog":16,"minecraft:mud":1,"minecraft:birch_log":19,"luminousworld:bao_bob_log":16,"minecraft:grass":7,"minecraft:coal_ore":96,"minecraft:oak_log":46,"luminousworld:ishstone":301,"minecraft:oak_fence_gate":1,"minecraft:gravel":298,"minecraft:dirt":270,"luminousworld:elephant_grass":1,"minecraft:oak_leaves":2}},"DataVersion":3465}