{"stats":{"minecraft:crafted":{"minecraft:stone_shovel":25,"vanillaplustools:stone_hammer":6,"minecraft:cooked_porkchop":5,"minecraft:crafting_table":1,"minecraft:wooden_pickaxe":1,"minecraft:baked_potato":26,"quark:birch_ladder":12,"minecraft:birch_planks":76,"minecraft:stone_axe":1,"minecraft:air":0,"luminousworld:white_oak_plank":64,"minecraft:stick":164,"minecraft:stone_pickaxe":59,"minecraft:wooden_axe":1,"minecraft:iron_shovel":1,"vanillaplustools:stone_shovel":2,"minecraft:acacia_planks":28,"minecraft:torch":28},"minecraft:dropped":{"minecraft:gravel":1,"minecraft:stone_axe":1,"vanillaplustools:stone_shovel":1,"luminousworld:ishstone":50,"minecraft:cooked_porkchop":1,"minecraft:birch_sapling":2,"minecraft:cobblestone":1112,"minecraft:granite":64,"minecraft:white_bed":3,"minecraft:carrot":3,"minecraft:grass":3,"minecraft:diorite":217,"minecraft:wooden_axe":1,"minecraft:andesite":64,"minecraft:acacia_sapling":2,"minecraft:oak_sapling":1,"vanillaplustools:stone_hammer":1,"minecraft:wooden_pickaxe":1,"minecraft:stone_pickaxe":4},"minecraft:killed":{"enemyexpansion:faller":1,"iceandfire:ghost":3},"minecraft:broken":{"minecraft:golden_helmet":1,"vanillaplustools:stone_hammer":7,"minecraft:stone_shovel":1},"minecraft:used":{"minecraft:water_bucket":3,"minecraft:diorite":22,"minecraft:iron_shovel":71,"minecraft:oak_planks":3,"minecraft:stone_pickaxe":166,"minecraft:stone_shovel":131,"minecraft:oak_sign":1,"minecraft:wooden_pickaxe":16,"vanillaplustools:stone_hammer":1000,"luminousworld:ishstone":19,"minecraft:torch":40,"minecraft:dirt":25,"minecraft:crafting_table":2,"vanillaplustools:stone_shovel":32,"minecraft:white_bed":3,"minecraft:stone_brick_wall":1,"minecraft:granite":1,"minecraft:wooden_axe":22,"quark:birch_ladder":7,"minecraft:flower_pot":1,"minecraft:lantern":1,"minecraft:bread":19,"minecraft:gravel":9,"minecraft:stone_axe":67,"minecraft:cobblestone":113,"minecraft:cooked_porkchop":3,"minecraft:bucket":3,"tombstone:gift":3,"quark:oak_chest":2},"minecraft:picked_up":{"minecraft:birch_log":19,"luminousworld:groundpebbles_1":3,"born_in_chaos_v1:diamond_termite_shard":1,"minecraft:crafting_table":1,"minecraft:wheat":14,"born_in_chaos_v1:seedof_chaos":1,"minecraft:ladder":10,"minecraft:flower_pot":1,"minecraft:water_bucket":1,"minecraft:andesite":67,"luminousworld:ishstone":152,"minecraft:golden_leggings":1,"minecraft:stone_brick_wall":2,"minecraft:birch_planks":27,"luminousworld:bao_bob_wood":1,"minecraft:flint":31,"minecraft:gunpowder":5,"iceandfire:manuscript":5,"minecraft:lapis_lazuli":87,"minecraft:dirt":141,"minecraft:lantern":1,"tombstone:gift":1,"minecraft:raw_copper":183,"minecraft:oak_sign":1,"minecraft:apple":1,"minecraft:wheat_seeds":52,"minecraft:iron_ingot":6,"minecraft:stone_pickaxe":2,"minecraft:birch_sapling":2,"minecraft:oak_planks":4,"minecraft:acacia_sapling":3,"minecraft:book":3,"minecraft:golden_helmet":1,"minecraft:stick":24,"minecraft:raw_iron":27,"minecraft:oak_fence":1,"minecraft:torch":25,"minecraft:acacia_log":7,"minecraft:spruce_fence":1,"minecraft:gravel":117,"born_in_chaos_v1:pieceofdarkmetal":4,"tombstone:grave_dust":1,"minecraft:diorite":781,"minecraft:white_bed":6,"minecraft:carrot":6,"quark:oak_chest":2,"luminousworld:whiteoaklog":18,"minecraft:stone_shovel":2,"minecraft:granite":136,"vanillaplustools:stone_hammer":4,"minecraft:grass":3,"minecraft:oak_sapling":7,"luminousworld:bao_bob_log":16,"minecraft:coal":75,"iceandfire:raw_silver":65,"minecraft:cobblestone":2726},"minecraft:killed_by":{"minecraft:player":7,"iceandfire:ghost":1,"enemyexpansion:invisicreeper":2},"minecraft:custom":{"minecraft:interact_with_furnace":17,"minecraft:mob_kills":4,"minecraft:interact_with_crafting_table":24,"minecraft:pot_flower":1,"minecraft:leave_game":3,"minecraft:time_since_death":1921,"minecraft:sleep_in_bed":4,"minecraft:climb_one_cm":20303,"minecraft:time_since_rest":253,"minecraft:sprint_one_cm":371851,"minecraft:damage_taken":5346,"minecraft:walk_one_cm":656117,"minecraft:trigger_trapped_chest":2,"minecraft:drop":48,"minecraft:damage_dealt":1619,"minecraft:swim_one_cm":23969,"minecraft:player_kills":3,"minecraft:fly_one_cm":275619,"minecraft:open_chest":70,"minecraft:crouch_one_cm":6369,"minecraft:play_time":187960,"tombstone:undead_killed":3,"minecraft:deaths":13,"minecraft:sneak_time":2564,"minecraft:walk_under_water_one_cm":20326,"minecraft:jump":1564,"minecraft:walk_on_water_one_cm":14028,"minecraft:total_world_time":187960,"minecraft:fall_one_cm":41029},"minecraft:mined":{"minecraft:white_bed":3,"iceandfire:silver_ore":23,"quark:oak_chest":2,"minecraft:crafting_table":1,"minecraft:granite":143,"minecraft:acacia_log":7,"luminousworld:bao_bob_wood":1,"minecraft:grass_block":3,"minecraft:stone_brick_wall":2,"minecraft:copper_ore":51,"minecraft:cobblestone":66,"minecraft:lapis_ore":14,"minecraft:potted_bamboo":1,"minecraft:oak_planks":4,"minecraft:wall_torch":2,"minecraft:oak_wall_sign":1,"minecraft:diorite":1016,"minecraft:spruce_sign":1,"luminousworld:whiteoaklog":16,"minecraft:birch_log":19,"minecraft:iron_ore":28,"minecraft:cobbled_deepslate":5,"minecraft:andesite":352,"luminousworld:bao_bob_log":16,"minecraft:bookshelf":1,"minecraft:coal_ore":74,"luminousworld:ishstone":301,"minecraft:gravel":298,"minecraft:dirt":270,"minecraft:stone":6041}},"DataVersion":3465}