{"stats":{"minecraft:dropped":{"minecraft:birch_planks":128,"luminousworld:white_oak_plank":1,"minecraft:cobblestone":1,"minecraft:rotten_flesh":5,"minecraft:wooden_axe":2,"minecraft:brown_wool":1,"minecraft:wooden_pickaxe":2},"minecraft:crafted":{"minecraft:oak_planks":48,"minecraft:cooked_porkchop":7,"minecraft:crafting_table":3,"minecraft:wooden_pickaxe":1,"minecraft:birch_boat":2,"minecraft:furnace":1,"minecraft:birch_planks":188,"minecraft:stone_axe":1,"minecraft:air":0,"minecraft:oak_boat":1,"minecraft:charcoal":12,"minecraft:stick":12,"quark:oak_chest":2,"minecraft:stone_pickaxe":1,"minecraft:wooden_axe":1},"minecraft:killed":{"undead_revamp2:the_moonflower":2,"enemyexpansion:sprinter":1,"naturalist:duck":1,"born_in_chaos_v1:decrepit_skeleton":1,"minecraft:sheep":3,"alexsmobs:terrapin":1},"minecraft:used":{"minecraft:stone_pickaxe":11,"minecraft:oak_planks":11,"minecraft:birch_boat":3,"minecraft:wooden_pickaxe":17,"luminousworld:white_oak_plank":11,"minecraft:crafting_table":3,"minecraft:wooden_axe":31,"minecraft:stone_axe":64,"minecraft:cooked_porkchop":2,"minecraft:furnace":1,"minecraft:porkchop":3,"tombstone:gift":1,"quark:oak_chest":5,"minecraft:oak_boat":1},"minecraft:picked_up":{"minecraft:birch_log":60,"minecraft:feather":2,"minecraft:leather":1,"minecraft:brown_wool":1,"minecraft:oak_log":14,"minecraft:dirt":4,"minecraft:raw_copper":25,"minecraft:bone":1,"minecraft:kelp":19,"minecraft:iron_nugget":12,"luminousworld:white_petunias":1,"minecraft:sugar_cane":12,"luminousworld:white_oak_plank":12,"minecraft:birch_sapling":3,"minecraft:furnace":1,"luminousworld:auburnlog":7,"minecraft:raw_iron":1,"minecraft:stick":14,"naturalist:duck":1,"minecraft:birch_boat":1,"minecraft:fire_charge":3,"minecraft:porkchop":3,"tombstone:grave_dust":3,"quark:oak_chest":5,"naturalist:duck_egg":1,"alexsmobs:animal_dictionary":1,"luminousworld:white_oak_sapling":1,"minecraft:rotten_flesh":5,"luminousworld:auburn_sapling":3,"minecraft:glistering_melon_slice":4,"minecraft:oak_sapling":2,"minecraft:mutton":5,"minecraft:coal":2,"minecraft:white_wool":2,"minecraft:cobblestone":15},"minecraft:killed_by":{"minecraft:player":1,"iceandfire:ghost":1,"undead_revamp2:thespitter":1},"minecraft:custom":{"minecraft:interact_with_furnace":12,"minecraft:mob_kills":9,"minecraft:interact_with_crafting_table":10,"minecraft:leave_game":2,"minecraft:time_since_death":21198,"minecraft:time_since_rest":20555,"minecraft:sprint_one_cm":102154,"minecraft:damage_taken":1107,"minecraft:walk_one_cm":84018,"minecraft:drop":10,"minecraft:damage_dealt":1097,"minecraft:swim_one_cm":4210,"minecraft:fly_one_cm":85283,"minecraft:open_chest":15,"minecraft:crouch_one_cm":7637,"minecraft:play_time":51687,"tombstone:undead_killed":4,"minecraft:deaths":4,"minecraft:sneak_time":2203,"minecraft:walk_under_water_one_cm":2826,"minecraft:boat_one_cm":337017,"minecraft:jump":500,"minecraft:walk_on_water_one_cm":13052,"minecraft:total_world_time":51687,"minecraft:fall_one_cm":8590},"minecraft:mined":{"luminousworld:grassvariant_4":1,"quark:oak_chest":5,"luminousworld:autumnleaves":47,"luminousworld:auburnlog":7,"luminousworld:whiteoakleaves":3,"minecraft:copper_ore":7,"minecraft:sugar_cane":5,"minecraft:birch_planks":1,"minecraft:furnace":1,"minecraft:iron_ore":1,"minecraft:birch_log":60,"minecraft:birch_leaves":1,"minecraft:grass":1,"minecraft:coal_ore":2,"minecraft:oak_log":14,"minecraft:stone":15,"minecraft:oak_leaves":6}},"DataVersion":3465}