{"stats":{"minecraft:broken":{"vanillaplustools:stone_hammer":4},"minecraft:killed_by":{"minecraft:player":3,"iceandfire:ghost":1,"enemyexpansion:invisicreeper":1},"minecraft:used":{"minecraft:diorite":1,"minecraft:stone_shovel":91,"minecraft:stone_pickaxe":103,"minecraft:oak_planks":3,"minecraft:oak_sign":1,"minecraft:wooden_pickaxe":16,"vanillaplustools:stone_hammer":533,"luminousworld:ishstone":19,"minecraft:torch":17,"minecraft:dirt":23,"minecraft:crafting_table":2,"minecraft:white_bed":2,"minecraft:stone_brick_wall":1,"minecraft:granite":1,"quark:birch_ladder":7,"minecraft:wooden_axe":22,"minecraft:flower_pot":1,"minecraft:bread":16,"minecraft:stone_axe":65,"minecraft:cobblestone":78,"tombstone:gift":2,"quark:oak_chest":2},"minecraft:crafted":{"minecraft:stone_shovel":1,"vanillaplustools:stone_hammer":4,"minecraft:cooked_porkchop":5,"minecraft:crafting_table":1,"minecraft:wooden_pickaxe":1,"quark:birch_ladder":12,"minecraft:birch_planks":76,"minecraft:stone_axe":1,"minecraft:air":0,"luminousworld:white_oak_plank":64,"minecraft:stick":116,"minecraft:stone_pickaxe":40,"minecraft:wooden_axe":1,"minecraft:acacia_planks":28,"minecraft:torch":28},"minecraft:picked_up":{"minecraft:birch_log":19,"minecraft:crafting_table":1,"minecraft:wheat":14,"minecraft:flower_pot":1,"minecraft:andesite":67,"luminousworld:ishstone":129,"minecraft:golden_leggings":1,"minecraft:birch_planks":27,"minecraft:stone_brick_wall":2,"luminousworld:bao_bob_wood":1,"minecraft:lapis_lazuli":39,"minecraft:dirt":139,"minecraft:raw_copper":90,"minecraft:oak_sign":1,"minecraft:wheat_seeds":15,"minecraft:iron_ingot":6,"minecraft:birch_sapling":2,"minecraft:oak_planks":4,"minecraft:acacia_sapling":3,"minecraft:book":3,"minecraft:golden_helmet":1,"minecraft:raw_iron":23,"minecraft:torch":8,"minecraft:acacia_log":7,"minecraft:spruce_fence":1,"minecraft:diorite":587,"minecraft:white_bed":5,"minecraft:carrot":6,"quark:oak_chest":2,"luminousworld:whiteoaklog":16,"minecraft:granite":136,"vanillaplustools:stone_hammer":3,"minecraft:grass":3,"luminousworld:bao_bob_log":16,"minecraft:coal":70,"iceandfire:raw_silver":11,"minecraft:cobblestone":1791},"minecraft:dropped":{"luminousworld:ishstone":50,"minecraft:cooked_porkchop":1,"minecraft:birch_sapling":2,"minecraft:cobblestone":512,"minecraft:granite":64,"minecraft:white_bed":3,"minecraft:carrot":3,"minecraft:grass":3,"minecraft:diorite":152,"minecraft:andesite":64,"minecraft:wooden_axe":1,"minecraft:acacia_sapling":2,"minecraft:oak_sapling":1,"vanillaplustools:stone_hammer":1,"minecraft:stone_pickaxe":1,"minecraft:wooden_pickaxe":1},"minecraft:custom":{"minecraft:interact_with_furnace":10,"minecraft:mob_kills":3,"minecraft:interact_with_crafting_table":15,"minecraft:pot_flower":1,"minecraft:leave_game":1,"minecraft:time_since_death":0,"minecraft:sleep_in_bed":4,"minecraft:climb_one_cm":9302,"minecraft:time_since_rest":403,"minecraft:sprint_one_cm":255002,"minecraft:walk_one_cm":447914,"minecraft:damage_taken":1786,"minecraft:trigger_trapped_chest":2,"minecraft:drop":29,"minecraft:damage_dealt":1483,"minecraft:swim_one_cm":4156,"minecraft:fly_one_cm":188402,"minecraft:player_kills":2,"minecraft:open_chest":20,"minecraft:crouch_one_cm":2685,"minecraft:deaths":5,"minecraft:play_time":119602,"tombstone:undead_killed":3,"minecraft:sneak_time":1016,"minecraft:walk_under_water_one_cm":3481,"minecraft:jump":1015,"minecraft:walk_on_water_one_cm":10040,"minecraft:total_world_time":119602,"minecraft:fall_one_cm":17499},"minecraft:killed":{"iceandfire:ghost":3},"minecraft:mined":{"minecraft:white_bed":3,"iceandfire:silver_ore":11,"quark:oak_chest":2,"minecraft:crafting_table":1,"minecraft:granite":119,"minecraft:acacia_log":7,"luminousworld:bao_bob_wood":1,"minecraft:grass_block":1,"minecraft:stone_brick_wall":2,"minecraft:copper_ore":23,"minecraft:cobblestone":26,"minecraft:lapis_ore":7,"minecraft:potted_bamboo":1,"minecraft:oak_planks":4,"minecraft:oak_wall_sign":1,"minecraft:diorite":610,"minecraft:wall_torch":1,"luminousworld:whiteoaklog":16,"minecraft:birch_log":19,"minecraft:iron_ore":24,"minecraft:andesite":187,"luminousworld:bao_bob_log":16,"minecraft:bookshelf":1,"minecraft:coal_ore":69,"luminousworld:ishstone":182,"minecraft:gravel":50,"minecraft:dirt":264,"minecraft:stone":3216}},"DataVersion":3465}