{"stats":{"minecraft:dropped":{"minecraft:wheat_seeds":19,"luminousworld:ishstone":50,"minecraft:cooked_porkchop":1,"minecraft:oak_fence":30,"minecraft:cobblestone":1112,"minecraft:granite":64,"minecraft:grass_block":1,"minecraft:grass":3,"minecraft:diorite":217,"naturalist:bass":5,"minecraft:wooden_axe":1,"minecraft:iron_axe":2,"minecraft:gravel":1,"minecraft:stone_axe":1,"vanillaplustools:stone_shovel":1,"minecraft:birch_sapling":2,"minecraft:white_bed":3,"minecraft:carrot":3,"minecraft:shield":1,"minecraft:andesite":64,"born_in_chaos_v1:corpse_maggot":8,"minecraft:oak_sapling":1,"minecraft:golden_leggings":1,"minecraft:acacia_sapling":2,"vanillaplustools:stone_hammer":1,"minecraft:wooden_pickaxe":1,"minecraft:stone_pickaxe":4},"minecraft:crafted":{"minecraft:oak_planks":116,"minecraft:stone_shovel":25,"vanillaplustools:stone_hammer":6,"quark:birch_ladder":12,"minecraft:stone":48,"iceandfire:armor_silver_metal_chestplate":1,"iceandfire:armor_silver_metal_leggings":1,"minecraft:iron_axe":2,"luminousworld:white_oak_plank":64,"minecraft:stone_pickaxe":59,"vanillaplustools:stone_shovel":2,"iceandfire:armor_silver_metal_boots":1,"minecraft:oak_fence":60,"quark:blossom_planks":32,"iceandfire:silver_ingot":31,"minecraft:cooked_porkchop":5,"minecraft:crafting_table":1,"minecraft:wooden_pickaxe":1,"minecraft:baked_potato":26,"minecraft:birch_planks":76,"minecraft:stone_axe":1,"minecraft:air":0,"minecraft:oak_fence_gate":3,"iceandfire:armor_silver_metal_helmet":1,"minecraft:shield":2,"minecraft:stick":220,"minecraft:wooden_axe":1,"minecraft:iron_shovel":1,"minecraft:acacia_planks":28,"minecraft:torch":28},"minecraft:killed":{"born_in_chaos_v1:maggot":3,"enemyexpansion:faller":1,"iceandfire:ghost":3,"born_in_chaos_v1:corpse_fly":1},"minecraft:broken":{"minecraft:golden_helmet":1,"vanillaplustools:stone_hammer":7,"minecraft:stone_shovel":1},"minecraft:used":{"minecraft:oak_fence":36,"minecraft:iron_shovel":71,"minecraft:stone_shovel":131,"minecraft:oak_sign":1,"vanillaplustools:stone_hammer":1002,"minecraft:torch":49,"minecraft:dirt":32,"minecraft:granite":1,"minecraft:spruce_fence":1,"minecraft:oak_fence_gate":5,"minecraft:wooden_axe":22,"quark:birch_ladder":7,"minecraft:lantern":1,"minecraft:iron_axe":62,"minecraft:oak_sapling":5,"tombstone:gift":3,"minecraft:egg":1,"minecraft:water_bucket":3,"minecraft:diorite":22,"minecraft:baked_potato":12,"minecraft:stone_pickaxe":167,"minecraft:oak_planks":3,"minecraft:wooden_pickaxe":16,"luminousworld:ishstone":19,"minecraft:crafting_table":2,"vanillaplustools:stone_shovel":32,"minecraft:white_bed":3,"minecraft:stone_brick_wall":1,"minecraft:flower_pot":1,"minecraft:bread":19,"minecraft:gravel":9,"minecraft:stone_axe":67,"minecraft:cobblestone":113,"minecraft:cooked_porkchop":3,"minecraft:bucket":3,"quark:oak_chest":2},"minecraft:picked_up":{"luminousworld:groundpebbles_1":3,"born_in_chaos_v1:diamond_termite_shard":1,"minecraft:crafting_table":1,"minecraft:wheat":59,"minecraft:ladder":10,"minecraft:flower_pot":1,"born_in_chaos_v1:seedof_chaos":1,"minecraft:stone_slab":4,"minecraft:stone_brick_wall":2,"luminousworld:bao_bob_wood":1,"iceandfire:manuscript":5,"minecraft:raw_copper":183,"minecraft:iron_axe":1,"minecraft:oak_sign":1,"minecraft:birch_sapling":2,"minecraft:egg":1,"minecraft:golden_helmet":1,"minecraft:stick":27,"minecraft:raw_iron":27,"minecraft:oak_fence":7,"minecraft:torch":35,"minecraft:acacia_log":7,"minecraft:spruce_fence":1,"minecraft:diorite":781,"tombstone:grave_dust":1,"born_in_chaos_v1:pieceofdarkmetal":4,"minecraft:carrot":6,"minecraft:stone_shovel":2,"minecraft:cobblestone":2736,"minecraft:birch_log":19,"born_in_chaos_v1:corpse_maggot":8,"minecraft:water_bucket":1,"minecraft:andesite":67,"luminousworld:ishstone":152,"minecraft:golden_leggings":1,"minecraft:birch_planks":27,"minecraft:flint":31,"minecraft:oak_log":46,"minecraft:gunpowder":5,"minecraft:lapis_lazuli":87,"minecraft:dirt":142,"minecraft:lantern":1,"tombstone:gift":1,"naturalist:bass":10,"minecraft:apple":3,"minecraft:wheat_seeds":135,"minecraft:oak_fence_gate":2,"minecraft:stone_pickaxe":2,"minecraft:iron_ingot":14,"minecraft:acacia_sapling":3,"minecraft:oak_planks":4,"minecraft:book":3,"minecraft:gravel":117,"minecraft:white_bed":6,"minecraft:grass_block":1,"quark:oak_chest":2,"luminousworld:whiteoaklog":18,"minecraft:granite":136,"vanillaplustools:stone_hammer":4,"minecraft:grass":3,"minecraft:oak_sapling":15,"luminousworld:bao_bob_log":16,"minecraft:coal":81,"iceandfire:raw_silver":65},"minecraft:killed_by":{"minecraft:player":7,"iceandfire:ghost":1,"enemyexpansion:invisicreeper":2},"minecraft:custom":{"minecraft:mob_kills":9,"minecraft:interact_with_crafting_table":36,"minecraft:leave_game":6,"minecraft:time_since_death":77420,"minecraft:climb_one_cm":46524,"minecraft:sprint_one_cm":600634,"minecraft:walk_one_cm":832582,"minecraft:drop":62,"minecraft:play_time":263459,"minecraft:deaths":13,"minecraft:sneak_time":3457,"minecraft:walk_under_water_one_cm":20326,"minecraft:jump":2315,"minecraft:walk_on_water_one_cm":14028,"minecraft:total_world_time":263459,"minecraft:interact_with_furnace":69,"minecraft:pot_flower":1,"minecraft:sleep_in_bed":4,"minecraft:time_since_rest":75752,"minecraft:damage_taken":5528,"minecraft:trigger_trapped_chest":2,"minecraft:damage_dealt":2076,"minecraft:swim_one_cm":23969,"minecraft:fly_one_cm":444031,"minecraft:player_kills":3,"minecraft:open_chest":145,"minecraft:crouch_one_cm":8149,"tombstone:undead_killed":3,"minecraft:fall_one_cm":52876},"minecraft:mined":{"minecraft:white_bed":3,"iceandfire:silver_ore":23,"minecraft:granite":143,"minecraft:acacia_log":7,"luminousworld:bao_bob_wood":1,"minecraft:grass_block":4,"minecraft:stone_brick_wall":2,"minecraft:potted_bamboo":1,"minecraft:oak_wall_sign":1,"minecraft:iron_ore":28,"minecraft:cobbled_deepslate":5,"minecraft:andesite":352,"minecraft:bookshelf":1,"minecraft:stone":6051,"quark:oak_chest":2,"minecraft:oak_fence":6,"minecraft:crafting_table":1,"minecraft:torch":5,"minecraft:stone_slab":1,"minecraft:copper_ore":51,"minecraft:cobblestone":66,"minecraft:lapis_ore":14,"minecraft:oak_planks":4,"minecraft:diorite":1016,"minecraft:wall_torch":6,"minecraft:spruce_sign":1,"luminousworld:whiteoaklog":16,"minecraft:birch_log":19,"luminousworld:bao_bob_log":16,"minecraft:oak_log":46,"minecraft:coal_ore":80,"luminousworld:ishstone":301,"minecraft:oak_fence_gate":1,"minecraft:gravel":298,"minecraft:dirt":270,"minecraft:oak_leaves":1}},"DataVersion":3465}