{"stats":{"minecraft:crafted":{"minecraft:oak_boat":1,"minecraft:oak_planks":48,"minecraft:crafting_table":1,"minecraft:stick":8,"minecraft:wooden_pickaxe":1,"minecraft:wooden_axe":1},"minecraft:used":{"minecraft:crafting_table":1,"minecraft:oak_boat":1,"tombstone:gift":1,"minecraft:wooden_pickaxe":1},"minecraft:picked_up":{"minecraft:kelp":16,"minecraft:oak_log":12,"minecraft:oak_sapling":2,"minecraft:sugar_cane":2},"minecraft:killed_by":{"iceandfire:ghost":1,"minecraft:player":1},"minecraft:custom":{"minecraft:time_since_rest":3993,"minecraft:crouch_one_cm":19,"minecraft:walk_one_cm":12151,"minecraft:play_time":7337,"minecraft:sprint_one_cm":20585,"minecraft:damage_taken":621,"minecraft:deaths":2,"minecraft:sneak_time":2,"minecraft:boat_one_cm":84621,"minecraft:jump":97,"minecraft:leave_game":1,"minecraft:damage_dealt":183,"minecraft:time_since_death":4418,"minecraft:total_world_time":7337,"minecraft:interact_with_crafting_table":1,"minecraft:fall_one_cm":2518,"minecraft:fly_one_cm":13479},"minecraft:mined":{"minecraft:grass":1,"minecraft:oak_log":12,"minecraft:sugar_cane":1,"minecraft:oak_leaves":6}},"DataVersion":3465}