{"stats":{"minecraft:crafted":{"minecraft:oak_boat":1,"minecraft:oak_planks":48,"minecraft:crafting_table":1,"minecraft:stick":8,"minecraft:wooden_pickaxe":1,"minecraft:wooden_axe":1},"minecraft:used":{"minecraft:wooden_axe":3,"minecraft:crafting_table":1,"minecraft:oak_planks":11,"tombstone:gift":1,"minecraft:oak_boat":1,"minecraft:wooden_pickaxe":1},"minecraft:picked_up":{"minecraft:kelp":19,"minecraft:oak_log":14,"minecraft:oak_sapling":2,"minecraft:sugar_cane":2},"minecraft:killed_by":{"iceandfire:ghost":1,"minecraft:player":1},"minecraft:custom":{"minecraft:open_chest":1,"minecraft:time_since_rest":12649,"minecraft:crouch_one_cm":1634,"minecraft:damage_taken":682,"minecraft:play_time":15993,"minecraft:sprint_one_cm":34353,"minecraft:walk_one_cm":24638,"minecraft:deaths":2,"minecraft:sneak_time":405,"minecraft:walk_under_water_one_cm":693,"minecraft:boat_one_cm":169356,"minecraft:jump":166,"minecraft:walk_on_water_one_cm":686,"minecraft:damage_dealt":183,"minecraft:leave_game":1,"minecraft:time_since_death":13074,"minecraft:total_world_time":15993,"minecraft:swim_one_cm":1493,"minecraft:interact_with_crafting_table":2,"minecraft:fall_one_cm":3356,"minecraft:fly_one_cm":24717},"minecraft:mined":{"minecraft:grass":1,"minecraft:birch_planks":1,"minecraft:oak_log":14,"luminousworld:whiteoakleaves":2,"minecraft:sugar_cane":1,"minecraft:oak_leaves":6}},"DataVersion":3465}