{"stats":{"minecraft:dropped":{"minecraft:birch_planks":128,"minecraft:wooden_axe":1,"minecraft:wooden_pickaxe":1},"minecraft:crafted":{"minecraft:oak_boat":1,"minecraft:oak_planks":48,"minecraft:crafting_table":2,"minecraft:stick":12,"quark:oak_chest":2,"minecraft:wooden_pickaxe":1,"minecraft:stone_pickaxe":1,"minecraft:wooden_axe":1,"minecraft:birch_planks":188,"minecraft:stone_axe":1},"minecraft:used":{"minecraft:wooden_axe":31,"minecraft:oak_planks":11,"minecraft:wooden_pickaxe":17,"minecraft:stone_axe":37,"minecraft:crafting_table":2,"minecraft:porkchop":3,"tombstone:gift":1,"minecraft:oak_boat":1,"quark:oak_chest":3},"minecraft:killed":{"minecraft:sheep":3,"undead_revamp2:the_moonflower":2,"enemyexpansion:sprinter":1,"born_in_chaos_v1:decrepit_skeleton":1},"minecraft:picked_up":{"minecraft:birch_log":47,"minecraft:brown_wool":1,"minecraft:porkchop":3,"minecraft:oak_log":14,"quark:oak_chest":1,"minecraft:bone":1,"minecraft:rotten_flesh":5,"minecraft:kelp":19,"minecraft:glistering_melon_slice":4,"luminousworld:white_petunias":1,"minecraft:birch_sapling":2,"minecraft:oak_sapling":2,"minecraft:mutton":5,"minecraft:sugar_cane":12,"luminousworld:white_oak_plank":12,"minecraft:white_wool":2,"minecraft:cobblestone":15},"minecraft:killed_by":{"iceandfire:ghost":1,"minecraft:player":1,"undead_revamp2:thespitter":1},"minecraft:custom":{"minecraft:time_since_rest":406,"minecraft:sprint_one_cm":47863,"minecraft:damage_taken":816,"minecraft:walk_one_cm":46300,"minecraft:mob_kills":7,"minecraft:drop":4,"minecraft:damage_dealt":957,"minecraft:swim_one_cm":1493,"minecraft:interact_with_crafting_table":7,"minecraft:fly_one_cm":35447,"minecraft:open_chest":6,"minecraft:crouch_one_cm":5240,"minecraft:play_time":27993,"tombstone:undead_killed":4,"minecraft:deaths":3,"minecraft:sneak_time":1262,"minecraft:walk_under_water_one_cm":693,"minecraft:boat_one_cm":169356,"minecraft:jump":234,"minecraft:time_since_death":554,"minecraft:leave_game":1,"minecraft:walk_on_water_one_cm":4829,"minecraft:total_world_time":27993,"minecraft:fall_one_cm":4109},"minecraft:mined":{"minecraft:birch_planks":1,"luminousworld:grassvariant_4":1,"quark:oak_chest":1,"minecraft:birch_log":47,"minecraft:birch_leaves":1,"minecraft:grass":1,"minecraft:oak_log":14,"luminousworld:whiteoakleaves":3,"minecraft:stone":15,"minecraft:sugar_cane":5,"minecraft:oak_leaves":6}},"DataVersion":3465}