{"stats":{"minecraft:dropped":{"alexsmobs:flying_fish":1},"minecraft:crafted":{"minecraft:cooked_beef":8,"minecraft:oak_boat":2,"minecraft:oak_planks":28,"minecraft:crafting_table":2,"minecraft:stick":12,"minecraft:wooden_pickaxe":1,"minecraft:stone_pickaxe":1,"minecraft:stone_sword":1,"minecraft:furnace":2,"minecraft:birch_planks":84,"minecraft:torch":16,"minecraft:cooked_mutton":2,"minecraft:air":0,"minecraft:stone_axe":1,"minecraft:smoker":1},"minecraft:used":{"minecraft:cooked_mutton":1,"minecraft:birch_planks":26,"minecraft:stone_pickaxe":50,"minecraft:wooden_pickaxe":3,"luminousworld:savannah_ground":1,"minecraft:stone_axe":71,"minecraft:torch":2,"minecraft:cobblestone":7,"minecraft:crafting_table":5,"minecraft:oak_boat":2,"minecraft:smoker":2},"minecraft:killed":{"minecraft:sheep":2,"minecraft:cow":4},"minecraft:picked_up":{"minecraft:birch_log":21,"minecraft:crafting_table":4,"luminousworld:savannah_ground":1,"minecraft:leather":5,"minecraft:torch":2,"minecraft:smoker":2,"minecraft:oak_log":34,"minecraft:beef":8,"minecraft:birch_sapling":1,"minecraft:black_wool":1,"minecraft:mutton":2,"minecraft:white_wool":1,"minecraft:sugar_cane":10,"minecraft:coal":18,"minecraft:cobblestone":33,"alexsmobs:flying_fish":1},"minecraft:custom":{"minecraft:time_since_rest":17664,"minecraft:sprint_one_cm":31584,"minecraft:damage_taken":10,"minecraft:walk_one_cm":19837,"minecraft:mob_kills":6,"minecraft:drop":1,"minecraft:damage_dealt":550,"minecraft:swim_one_cm":7136,"minecraft:interact_with_crafting_table":9,"minecraft:fly_one_cm":22677,"minecraft:crouch_one_cm":2326,"minecraft:play_time":17664,"minecraft:sneak_time":936,"minecraft:walk_under_water_one_cm":519,"minecraft:boat_one_cm":57847,"minecraft:jump":190,"minecraft:walk_on_water_one_cm":683,"minecraft:time_since_death":17664,"minecraft:interact_with_smoker":5,"minecraft:total_world_time":17664,"minecraft:fall_one_cm":3919},"minecraft:mined":{"minecraft:birch_log":21,"minecraft:smoker":2,"minecraft:birch_leaves":6,"minecraft:crafting_table":4,"minecraft:torch":2,"minecraft:grass":1,"minecraft:oak_log":34,"minecraft:coal_ore":18,"minecraft:cobblestone":1,"minecraft:stone":32,"minecraft:sugar_cane":4,"minecraft:oak_leaves":6,"luminousworld:savannah_ground":1}},"DataVersion":3465}