{"stats":{"minecraft:dropped":{"alexsmobs:flying_fish":1,"minecraft:wooden_pickaxe":4},"minecraft:crafted":{"minecraft:cooked_beef":18,"minecraft:oak_planks":48,"minecraft:stone_shovel":1,"minecraft:crafting_table":5,"minecraft:spruce_planks":12,"minecraft:wooden_pickaxe":2,"minecraft:furnace":3,"minecraft:birch_planks":84,"minecraft:stone_axe":2,"minecraft:cooked_mutton":2,"minecraft:air":0,"minecraft:oak_boat":3,"minecraft:stick":28,"minecraft:stone_pickaxe":3,"minecraft:stone_sword":2,"minecraft:torch":20,"minecraft:stone_hoe":1,"minecraft:smoker":2},"minecraft:killed":{"luminousworld:firefly":1,"minecraft:pig":3,"minecraft:sheep":2,"minecraft:drowned":4,"minecraft:cow":8},"minecraft:used":{"minecraft:wheat_seeds":5,"minecraft:cooked_mutton":1,"minecraft:stone_sword":22,"minecraft:birch_planks":26,"minecraft:stone_shovel":33,"minecraft:stone_pickaxe":298,"minecraft:spruce_planks":4,"minecraft:wooden_pickaxe":8,"minecraft:sugar_cane":3,"minecraft:stone_hoe":62,"luminousworld:savannah_ground":1,"minecraft:torch":3,"minecraft:dirt":15,"minecraft:crafting_table":9,"minecraft:carrot":54,"minecraft:smoker":3,"minecraft:cyan_bed":1,"minecraft:bread":3,"minecraft:stone_axe":95,"minecraft:cobblestone":11,"tombstone:gift":1,"minecraft:oak_boat":3,"minecraft:cooked_beef":1,"minecraft:potato":27},"minecraft:broken":{"minecraft:stone_pickaxe":1},"minecraft:picked_up":{"minecraft:birch_log":21,"minecraft:crafting_table":5,"luminousworld:savannah_ground":1,"minecraft:allium":4,"minecraft:leather":10,"minecraft:cut_sandstone":1,"minecraft:wooden_pickaxe":3,"minecraft:smoker":2,"minecraft:potato":16,"minecraft:oak_log":39,"minecraft:brewing_stand":1,"minecraft:dirt":35,"minecraft:cornflower":5,"minecraft:stone_bricks":15,"minecraft:wheat_seeds":5,"minecraft:spruce_planks":7,"minecraft:beef":18,"minecraft:sugar_cane":21,"minecraft:birch_sapling":1,"minecraft:raw_iron":3,"minecraft:torch":2,"minecraft:porkchop":7,"minecraft:sand":4,"tombstone:grave_dust":1,"minecraft:spruce_log":7,"minecraft:carrot":27,"minecraft:cyan_bed":2,"minecraft:rotten_flesh":4,"minecraft:granite":2,"undead_revamp2:arapholia":1,"tombstone:magic_scroll":1,"alexsmobs:flying_fish":1,"minecraft:black_wool":1,"minecraft:mutton":2,"minecraft:coal":90,"minecraft:cobblestone":189,"minecraft:white_wool":1},"minecraft:killed_by":{"iceandfire:fire_dragon":1},"minecraft:custom":{"minecraft:mob_kills":19,"minecraft:interact_with_crafting_table":21,"minecraft:open_barrel":3,"minecraft:time_since_death":25750,"minecraft:sleep_in_bed":2,"minecraft:time_since_rest":17595,"minecraft:sprint_one_cm":140212,"minecraft:damage_taken":564,"minecraft:walk_one_cm":82024,"minecraft:drop":5,"minecraft:damage_dealt":2060,"minecraft:swim_one_cm":30810,"minecraft:fly_one_cm":131712,"minecraft:open_chest":11,"minecraft:crouch_one_cm":5656,"minecraft:play_time":53664,"tombstone:undead_killed":4,"minecraft:deaths":2,"minecraft:sneak_time":2797,"minecraft:walk_under_water_one_cm":3813,"minecraft:boat_one_cm":356512,"minecraft:jump":727,"minecraft:interact_with_brewingstand":1,"minecraft:walk_on_water_one_cm":10411,"minecraft:total_world_time":53664,"minecraft:interact_with_smoker":10,"minecraft:fall_one_cm":16106},"minecraft:mined":{"minecraft:cut_sandstone":2,"minecraft:spruce_planks":7,"minecraft:farmland":8,"luminousworld:blueberrybush":1,"minecraft:smoker":2,"luminousworld:mossbuds_1":4,"minecraft:brewing_stand":1,"minecraft:crafting_table":5,"minecraft:cornflower":5,"minecraft:torch":2,"minecraft:granite":2,"minecraft:allium":4,"luminousworld:mossbuds_2":2,"minecraft:grass_block":9,"placeablesmod:carrot_block_1":4,"minecraft:cobblestone":1,"minecraft:spruce_leaves":1,"minecraft:cyan_bed":2,"minecraft:sugar_cane":8,"minecraft:large_fern":7,"minecraft:carrots":8,"minecraft:birch_log":21,"minecraft:iron_ore":3,"minecraft:andesite":1,"minecraft:spruce_log":7,"luminousworld:mossbuds_3":1,"minecraft:birch_leaves":6,"minecraft:grass":19,"minecraft:potatoes":7,"minecraft:coal_ore":90,"minecraft:oak_log":39,"minecraft:dirt":18,"minecraft:sand":2,"minecraft:fern":15,"minecraft:stone_bricks":15,"minecraft:stone":188,"luminousworld:savannah_ground":1,"minecraft:oak_leaves":6}},"DataVersion":3465}