{"stats":{"minecraft:dropped":{"alexsmobs:flying_fish":1},"minecraft:crafted":{"minecraft:cooked_beef":8,"minecraft:oak_boat":3,"minecraft:oak_planks":48,"minecraft:crafting_table":3,"minecraft:stick":12,"minecraft:wooden_pickaxe":1,"minecraft:stone_pickaxe":1,"minecraft:stone_sword":1,"minecraft:furnace":2,"minecraft:birch_planks":84,"minecraft:torch":16,"minecraft:cooked_mutton":2,"minecraft:air":0,"minecraft:stone_axe":1,"minecraft:smoker":1},"minecraft:used":{"minecraft:cooked_mutton":1,"minecraft:stone_sword":21,"minecraft:birch_planks":26,"minecraft:stone_pickaxe":53,"minecraft:wooden_pickaxe":3,"luminousworld:savannah_ground":1,"minecraft:stone_axe":71,"minecraft:torch":2,"minecraft:cobblestone":7,"minecraft:crafting_table":6,"tombstone:gift":1,"minecraft:oak_boat":3,"minecraft:smoker":2},"minecraft:killed":{"minecraft:sheep":2,"minecraft:pig":1,"minecraft:drowned":4,"minecraft:cow":4},"minecraft:picked_up":{"minecraft:birch_log":21,"minecraft:crafting_table":4,"luminousworld:savannah_ground":1,"minecraft:cut_sandstone":1,"minecraft:leather":5,"minecraft:torch":2,"minecraft:smoker":2,"minecraft:sand":4,"minecraft:porkchop":3,"minecraft:oak_log":39,"tombstone:grave_dust":1,"minecraft:rotten_flesh":2,"minecraft:beef":8,"tombstone:magic_scroll":1,"minecraft:birch_sapling":1,"minecraft:black_wool":1,"minecraft:mutton":2,"minecraft:white_wool":1,"minecraft:sugar_cane":21,"minecraft:coal":18,"minecraft:cobblestone":33,"alexsmobs:flying_fish":1},"minecraft:killed_by":{"iceandfire:fire_dragon":1},"minecraft:custom":{"minecraft:time_since_rest":1496,"minecraft:sprint_one_cm":45726,"minecraft:damage_taken":504,"minecraft:walk_one_cm":29885,"minecraft:mob_kills":11,"minecraft:drop":1,"minecraft:damage_dealt":1440,"minecraft:swim_one_cm":30810,"minecraft:interact_with_crafting_table":10,"minecraft:fly_one_cm":46127,"minecraft:open_chest":4,"tombstone:undead_killed":4,"minecraft:crouch_one_cm":2628,"minecraft:play_time":29664,"minecraft:deaths":2,"minecraft:sneak_time":1030,"minecraft:walk_under_water_one_cm":3813,"minecraft:boat_one_cm":319853,"minecraft:jump":303,"minecraft:walk_on_water_one_cm":8466,"minecraft:time_since_death":1750,"minecraft:interact_with_smoker":5,"minecraft:total_world_time":29664,"minecraft:fall_one_cm":6278},"minecraft:mined":{"minecraft:cut_sandstone":2,"minecraft:birch_log":21,"minecraft:smoker":2,"minecraft:birch_leaves":6,"minecraft:crafting_table":4,"minecraft:torch":2,"minecraft:grass":1,"minecraft:oak_log":39,"minecraft:coal_ore":18,"minecraft:sand":2,"minecraft:cobblestone":1,"minecraft:stone":32,"minecraft:sugar_cane":8,"minecraft:oak_leaves":6,"luminousworld:savannah_ground":1}},"DataVersion":3465}