{"stats":{"minecraft:crafted":{"minecraft:stone_sword":1,"minecraft:oak_planks":24,"minecraft:torch":16,"minecraft:stone_axe":1,"minecraft:crafting_table":1,"minecraft:stick":12,"minecraft:wooden_pickaxe":1,"minecraft:stone_pickaxe":1},"minecraft:used":{"minecraft:stone_axe":1,"minecraft:cobblestone":1,"minecraft:crafting_table":1,"minecraft:stone_pickaxe":32,"minecraft:wooden_pickaxe":3,"luminousworld:savannah_ground":1},"minecraft:picked_up":{"luminousworld:savannah_ground":1,"minecraft:crafting_table":1,"minecraft:oak_log":6,"minecraft:coal":5,"minecraft:cobblestone":30},"minecraft:custom":{"minecraft:time_since_rest":5664,"minecraft:crouch_one_cm":866,"minecraft:play_time":5664,"minecraft:sprint_one_cm":5915,"minecraft:damage_taken":10,"minecraft:walk_one_cm":7261,"minecraft:sneak_time":324,"minecraft:walk_under_water_one_cm":438,"minecraft:jump":80,"minecraft:time_since_death":5664,"minecraft:walk_on_water_one_cm":437,"minecraft:total_world_time":5664,"minecraft:swim_one_cm":6765,"minecraft:interact_with_crafting_table":4,"minecraft:fall_one_cm":2011,"minecraft:fly_one_cm":11790},"minecraft:mined":{"minecraft:coal_ore":5,"minecraft:oak_log":6,"minecraft:cobblestone":1,"minecraft:stone":29,"luminousworld:savannah_ground":1,"minecraft:crafting_table":1}},"DataVersion":3465}