{"stats":{"minecraft:dropped":{"alexsmobs:flying_fish":1},"minecraft:crafted":{"minecraft:cooked_beef":8,"minecraft:oak_planks":48,"minecraft:crafting_table":4,"minecraft:spruce_planks":12,"minecraft:wooden_pickaxe":2,"minecraft:furnace":2,"minecraft:birch_planks":84,"minecraft:stone_axe":2,"minecraft:cooked_mutton":2,"minecraft:air":0,"minecraft:oak_boat":3,"minecraft:stick":20,"minecraft:stone_pickaxe":2,"minecraft:stone_sword":2,"minecraft:torch":16,"minecraft:smoker":1},"minecraft:killed":{"minecraft:pig":3,"minecraft:sheep":2,"minecraft:drowned":4,"minecraft:cow":8},"minecraft:used":{"minecraft:cooked_mutton":1,"minecraft:stone_sword":22,"minecraft:birch_planks":26,"minecraft:stone_pickaxe":120,"minecraft:spruce_planks":2,"minecraft:wooden_pickaxe":8,"luminousworld:savannah_ground":1,"minecraft:torch":2,"minecraft:crafting_table":7,"minecraft:carrot":3,"minecraft:smoker":2,"minecraft:cyan_bed":1,"minecraft:bread":2,"minecraft:stone_axe":83,"minecraft:cobblestone":10,"tombstone:gift":1,"minecraft:oak_boat":3,"minecraft:potato":4},"minecraft:picked_up":{"minecraft:birch_log":21,"minecraft:crafting_table":5,"luminousworld:savannah_ground":1,"minecraft:leather":10,"minecraft:cut_sandstone":1,"minecraft:smoker":2,"minecraft:potato":13,"minecraft:oak_log":39,"minecraft:spruce_planks":1,"minecraft:beef":18,"minecraft:sugar_cane":21,"minecraft:birch_sapling":1,"minecraft:raw_iron":1,"minecraft:torch":2,"minecraft:porkchop":7,"minecraft:sand":4,"tombstone:grave_dust":1,"minecraft:spruce_log":3,"minecraft:carrot":22,"minecraft:cyan_bed":2,"minecraft:rotten_flesh":4,"undead_revamp2:arapholia":1,"tombstone:magic_scroll":1,"alexsmobs:flying_fish":1,"minecraft:black_wool":1,"minecraft:mutton":2,"minecraft:coal":64,"minecraft:cobblestone":58,"minecraft:white_wool":1},"minecraft:killed_by":{"iceandfire:fire_dragon":1},"minecraft:custom":{"minecraft:mob_kills":18,"minecraft:interact_with_crafting_table":13,"minecraft:open_barrel":1,"minecraft:time_since_death":13750,"minecraft:sleep_in_bed":2,"minecraft:time_since_rest":5595,"minecraft:sprint_one_cm":103034,"minecraft:damage_taken":544,"minecraft:walk_one_cm":53217,"minecraft:drop":1,"minecraft:damage_dealt":2050,"minecraft:swim_one_cm":30810,"minecraft:fly_one_cm":111437,"minecraft:open_chest":5,"minecraft:crouch_one_cm":3298,"minecraft:play_time":41664,"tombstone:undead_killed":4,"minecraft:deaths":2,"minecraft:sneak_time":1280,"minecraft:walk_under_water_one_cm":3813,"minecraft:boat_one_cm":356512,"minecraft:jump":612,"minecraft:interact_with_brewingstand":1,"minecraft:walk_on_water_one_cm":8466,"minecraft:total_world_time":41664,"minecraft:interact_with_smoker":5,"minecraft:fall_one_cm":13320},"minecraft:mined":{"minecraft:cut_sandstone":2,"minecraft:spruce_planks":1,"luminousworld:blueberrybush":1,"minecraft:smoker":2,"luminousworld:mossbuds_1":1,"minecraft:crafting_table":5,"minecraft:torch":2,"placeablesmod:carrot_block_1":2,"minecraft:cobblestone":1,"minecraft:cyan_bed":2,"minecraft:sugar_cane":8,"minecraft:carrots":5,"minecraft:birch_log":21,"minecraft:iron_ore":1,"minecraft:spruce_log":3,"minecraft:birch_leaves":6,"minecraft:grass":1,"minecraft:potatoes":4,"minecraft:coal_ore":64,"minecraft:oak_log":39,"minecraft:sand":2,"minecraft:stone":57,"luminousworld:savannah_ground":1,"minecraft:oak_leaves":6}},"DataVersion":3465}