{"stats":{"minecraft:killed":{"undead_revamp2:thehunter":1,"born_in_chaos_v1:zombie_lumberjack":1,"born_in_chaos_v1:maggot":2,"minecraft:skeleton":6,"minecraft:silverfish":36,"minecraft:husk":6,"minecraft:pig":3,"minecraft:sheep":4,"minecraft:zombie":1,"minecraft:stray":1,"alexsmobs:fly":1,"minecraft:cow":5},"minecraft:killed_by":{"minecraft:husk":1,"minecraft:skeleton":1},"minecraft:custom":{"minecraft:inspect_dropper":3,"minecraft:mob_kills":70,"minecraft:interact_with_crafting_table":29,"minecraft:open_barrel":9,"minecraft:damage_dealt_resisted":20,"minecraft:leave_game":1,"minecraft:time_since_death":13406,"minecraft:climb_one_cm":9154,"minecraft:sprint_one_cm":325310,"minecraft:walk_one_cm":171343,"minecraft:damage_blocked_by_shield":4380,"minecraft:drop":25,"minecraft:play_time":80606,"minecraft:deaths":2,"minecraft:sneak_time":2679,"minecraft:walk_under_water_one_cm":4379,"minecraft:jump":2044,"minecraft:walk_on_water_one_cm":11103,"minecraft:total_world_time":80606,"minecraft:interact_with_furnace":4,"minecraft:interact_with_loom":1,"minecraft:sleep_in_bed":8,"minecraft:time_since_rest":11975,"minecraft:damage_taken":2837,"minecraft:trigger_trapped_chest":2,"minecraft:damage_dealt":8332,"minecraft:swim_one_cm":33686,"minecraft:fly_one_cm":432979,"minecraft:open_chest":18,"minecraft:crouch_one_cm":6469,"tombstone:undead_killed":16,"minecraft:interact_with_smoker":3,"minecraft:fall_one_cm":56946,"minecraft:inspect_dispenser":5},"minecraft:picked_up":{"minecraft:crafting_table":8,"minecraft:iron_chestplate":1,"minecraft:wheat":16,"minecraft:wooden_pickaxe":1,"minecraft:gold_block":1,"minecraft:brewing_stand":1,"minecraft:iron_leggings":1,"minecraft:spruce_planks":1,"minecraft:beef":6,"minecraft:sugar_cane":17,"minecraft:coal_block":9,"minecraft:furnace":2,"minecraft:stick":1,"minecraft:raw_iron":10,"minecraft:oak_fence":1,"minecraft:acacia_log":9,"minecraft:porkchop":8,"tombstone:grave_dust":4,"minecraft:arrow":4,"minecraft:rotten_flesh":8,"minecraft:hay_block":29,"minecraft:iron_block":1,"minecraft:mutton":6,"minecraft:white_wool":3,"minecraft:cobblestone":21,"minecraft:jungle_log":10,"minecraft:leather":5,"minecraft:potato":1,"minecraft:smoker":1,"minecraft:acacia_wood":1,"minecraft:birch_planks":1,"minecraft:oak_log":34,"minecraft:yellow_bed":5,"minecraft:dirt":5,"minecraft:lantern":2,"minecraft:bone":7,"minecraft:acacia_planks":5,"minecraft:apple":1,"minecraft:stone_bricks":3,"minecraft:bow":1,"minecraft:iron_ingot":2,"minecraft:iron_sword":1,"minecraft:jungle_planks":5,"minecraft:dark_prismarine":11,"minecraft:oak_sapling":5,"minecraft:black_wool":1,"minecraft:coal":36},"minecraft:broken":{"minecraft:shield":1},"minecraft:used":{"minecraft:oak_fence":1,"minecraft:stone_sword":5,"minecraft:shield":70,"minecraft:iron_sword":195,"minecraft:iron_chestplate":1,"minecraft:torch":29,"minecraft:dirt":5,"minecraft:jungle_planks":36,"minecraft:stone_bricks":2,"minecraft:bow":2,"minecraft:furnace":1,"tombstone:gift":1,"minecraft:cooked_beef":1,"minecraft:acacia_planks":28,"minecraft:birch_planks":1,"minecraft:stone_pickaxe":59,"minecraft:oak_planks":81,"minecraft:wooden_pickaxe":3,"minecraft:sugar_cane":7,"minecraft:crafting_table":9,"minecraft:smoker":1,"minecraft:bread":50,"minecraft:iron_pickaxe":42,"minecraft:golden_leggings":1,"minecraft:golden_helmet":1,"minecraft:stone_axe":104,"minecraft:cobblestone":2,"minecraft:yellow_bed":5},"minecraft:mined":{"minecraft:dark_prismarine":11,"minecraft:spruce_planks":1,"minecraft:brewing_stand":1,"minecraft:acacia_log":9,"minecraft:infested_cobblestone":7,"minecraft:jungle_planks":5,"minecraft:jungle_log":8,"minecraft:coal_block":9,"minecraft:hay_block":30,"minecraft:tall_seagrass":1,"minecraft:furnace":2,"minecraft:iron_ore":10,"minecraft:fire":17,"minecraft:acacia_wood":1,"minecraft:gold_block":1,"minecraft:vine":2,"minecraft:stone":21,"minecraft:iron_block":1,"minecraft:acacia_leaves":1,"minecraft:smoker":1,"minecraft:oak_fence":1,"minecraft:crafting_table":8,"minecraft:sugar_cane":7,"minecraft:birch_planks":1,"minecraft:yellow_bed":5,"minecraft:oak_log":36,"minecraft:coal_ore":37,"minecraft:dirt":5,"luminousworld:grassvariant_3":1,"minecraft:cobweb":1,"minecraft:acacia_planks":5,"minecraft:stone_bricks":3,"minecraft:oak_leaves":9},"minecraft:crafted":{"minecraft:oak_planks":112,"minecraft:coal":9,"minecraft:furnace":1,"minecraft:stone_pickaxe":1,"minecraft:smoker":1,"sophisticatedbackpacks:iron_backpack":1,"minecraft:wheat":245,"minecraft:cooked_beef":6,"sophisticatedbackpacks:backpack":1,"minecraft:crafting_table":2,"minecraft:wooden_pickaxe":1,"sophisticatedbackpacks:gold_backpack":1,"minecraft:stone_axe":1,"minecraft:bread":87,"minecraft:air":0,"minecraft:jungle_planks":40,"minecraft:string":4,"minecraft:iron_chestplate":1,"minecraft:shield":2,"minecraft:stick":28,"quark:oak_chest":1,"minecraft:iron_ingot":19,"minecraft:iron_pickaxe":1,"minecraft:stone_sword":1,"minecraft:white_bed":1,"minecraft:acacia_planks":40,"minecraft:torch":64},"minecraft:dropped":{"minecraft:bread":9,"minecraft:iron_sword":1,"minecraft:crafting_table":1,"minecraft:cobblestone":3,"minecraft:lantern":2,"minecraft:jungle_planks":6,"minecraft:stick":4,"minecraft:map":1,"minecraft:acacia_planks":2,"minecraft:bone":3,"alexsmobs:animal_dictionary":1,"minecraft:stone_sword":1,"minecraft:rotten_flesh":3,"minecraft:oak_planks":5,"minecraft:iron_boots":1,"minecraft:potato":1,"minecraft:iron_chestplate":1,"minecraft:oak_sapling":5,"minecraft:bow":1,"minecraft:wooden_pickaxe":2}},"DataVersion":3465}