{"stats":{"minecraft:broken":{"minecraft:stone_pickaxe":1},"minecraft:used":{"minecraft:oak_trapdoor":1,"alexsmobs:cooked_catfish":2,"ecologics:crab_claw":2,"minecraft:stone_pickaxe":171,"minecraft:shield":6,"minecraft:wooden_pickaxe":3,"minecraft:iron_sword":65,"vanillaplustools:stone_hammer":1,"luminousworld:savannah_ground":2,"minecraft:crafting_table":4,"minecraft:wooden_axe":47,"minecraft:bread":27,"minecraft:iron_pickaxe":5,"minecraft:stone_axe":18,"minecraft:cobblestone":15,"luminousworld:savannah_soil":5,"minecraft:furnace":2,"minecraft:gold_block":1,"minecraft:coarse_dirt":1,"minecraft:cobweb":2},"minecraft:picked_up":{"minecraft:coarse_dirt":1,"minecraft:crafting_table":4,"luminousworld:savannah_ground":3,"minecraft:leather":3,"minecraft:gold_block":3,"minecraft:oak_log":64,"iceandfire:ectoplasm":6,"iceandfire:manuscript":6,"minecraft:string":3,"minecraft:oak_trapdoor":1,"minecraft:raw_copper":87,"naturalist:bass":5,"minecraft:bone":10,"iceandfire:graveyard_soil":10,"minecraft:gold_nugget":20,"earthmobsmod:duck_egg":1,"minecraft:iron_ingot":4,"minecraft:beef":2,"minecraft:cobweb":2,"minecraft:iron_pickaxe":1,"naturalist:catfish":5,"minecraft:iron_sword":1,"ecologics:crab_claw":1,"minecraft:furnace":2,"minecraft:raw_iron":26,"iceandfire:ghost_chest":2,"ecologics:coconut_slice":4,"luminousworld:savannah_soil":5,"minecraft:cherry_log":2,"minecraft:carrot":4,"minecraft:white_bed":2,"minecraft:spruce_log":1,"alexsmobs:raw_catfish":16,"minecraft:arrow":2,"minecraft:rotten_flesh":6,"minecraft:diamond":2,"minecraft:hay_block":13,"minecraft:grass":1,"minecraft:emerald":2,"minecraft:oak_sapling":1,"minecraft:skeleton_skull":1,"iceandfire:raw_silver":1,"minecraft:coal":51,"minecraft:cobblestone":73},"minecraft:crafted":{"naturalist:cooked_catfish":5,"minecraft:cherry_planks":8,"minecraft:oak_planks":24,"vanillaplustools:stone_hammer":1,"minecraft:crafting_table":1,"minecraft:spruce_planks":4,"minecraft:wooden_pickaxe":1,"minecraft:iron_sword":1,"minecraft:furnace":1,"iceandfire:armor_copper_metal_leggings":1,"minecraft:copper_ingot":87,"minecraft:stone_axe":1,"naturalist:cooked_bass":4,"minecraft:bread":39,"minecraft:air":0,"iceandfire:armor_copper_metal_boots":1,"minecraft:shield":1,"minecraft:stick":40,"minecraft:iron_ingot":26,"minecraft:iron_pickaxe":1,"minecraft:stone_pickaxe":11,"minecraft:wooden_axe":1,"minecraft:copper_block":8,"alexsmobs:cooked_catfish":11,"minecraft:wheat":117},"minecraft:dropped":{"minecraft:iron_sword":1,"iceandfire:raw_silver":1,"alexsmobs:animal_dictionary":1,"minecraft:diamond":1,"ecologics:coconut_slice":4,"minecraft:rotten_flesh":6,"iceandfire:ectoplasm":6,"iceandfire:graveyard_soil":10,"minecraft:grass":1,"iceandfire:ghost_chest":1,"minecraft:wooden_axe":1,"luminousworld:savannah_ground":1,"minecraft:oak_sapling":1,"minecraft:arrow":2,"minecraft:beef":2,"minecraft:wooden_pickaxe":1,"earthmobsmod:duck_egg":1},"minecraft:custom":{"minecraft:interact_with_furnace":37,"minecraft:mob_kills":23,"minecraft:interact_with_crafting_table":33,"minecraft:damage_dealt_resisted":120,"minecraft:leave_game":4,"minecraft:time_since_death":68558,"minecraft:sleep_in_bed":2,"minecraft:climb_one_cm":1899,"minecraft:time_since_rest":57003,"minecraft:sprint_one_cm":123526,"minecraft:damage_taken":1359,"minecraft:walk_one_cm":137556,"minecraft:damage_blocked_by_shield":435,"minecraft:drop":22,"minecraft:damage_dealt":3691,"minecraft:swim_one_cm":34976,"minecraft:talked_to_villager":2,"minecraft:fly_one_cm":212836,"minecraft:open_chest":4,"minecraft:crouch_one_cm":3628,"minecraft:play_time":68558,"tombstone:undead_killed":3,"minecraft:sneak_time":2056,"minecraft:walk_under_water_one_cm":8951,"minecraft:jump":1364,"minecraft:walk_on_water_one_cm":6127,"minecraft:total_world_time":68558,"minecraft:fall_one_cm":44937},"minecraft:killed":{"born_in_chaos_v1:zombie_lumberjack":1,"enemyexpansion:direwolf":1,"minecraft:horse":5,"minecraft:skeleton":1,"alexsmobs:catfish":3,"naturalist:catfish":5,"minecraft:zombie":1,"enemyexpansion:botfly":1,"naturalist:bass":3,"ecologics:coconut_crab":1,"minecraft:cow":1},"minecraft:mined":{"luminousworld:savannah_soil":18,"minecraft:acacia_leaves":1,"minecraft:white_bed":2,"iceandfire:silver_ore":1,"luminousworld:autumnleaves":1,"minecraft:crafting_table":4,"luminousworld:savannah_grass_1":2,"minecraft:emerald_ore":2,"iceandfire:ghost_chest":1,"minecraft:tall_grass":1,"minecraft:copper_ore":23,"minecraft:cobblestone":15,"minecraft:hay_block":13,"minecraft:coarse_dirt":1,"minecraft:oak_trapdoor":1,"minecraft:furnace":2,"minecraft:iron_ore":26,"minecraft:gold_block":3,"minecraft:grass":2,"minecraft:coal_ore":52,"minecraft:oak_log":64,"minecraft:vine":1,"minecraft:cobweb":3,"minecraft:stone":58,"luminousworld:savannah_grass_4":2,"minecraft:oak_leaves":7,"luminousworld:savannah_ground":5}},"DataVersion":3465}