{"stats":{"minecraft:custom":{"minecraft:interact_with_furnace":41,"minecraft:mob_kills":31,"minecraft:interact_with_crafting_table":38,"minecraft:damage_dealt_resisted":120,"minecraft:leave_game":6,"minecraft:time_since_death":2436,"minecraft:sleep_in_bed":3,"minecraft:climb_one_cm":5297,"minecraft:time_since_rest":2071,"minecraft:sprint_one_cm":189795,"minecraft:damage_taken":2010,"minecraft:walk_one_cm":178126,"minecraft:damage_blocked_by_shield":960,"minecraft:trigger_trapped_chest":1,"minecraft:drop":25,"minecraft:damage_dealt":5414,"minecraft:swim_one_cm":37794,"minecraft:fly_one_cm":308889,"minecraft:talked_to_villager":2,"minecraft:open_chest":12,"minecraft:deaths":1,"minecraft:crouch_one_cm":4114,"minecraft:play_time":86892,"tombstone:undead_killed":6,"minecraft:sneak_time":2437,"minecraft:walk_under_water_one_cm":11096,"minecraft:jump":1824,"minecraft:walk_on_water_one_cm":6955,"minecraft:total_world_time":86892,"minecraft:fall_one_cm":57099},"minecraft:used":{"minecraft:oak_trapdoor":1,"alexsmobs:cooked_catfish":2,"ecologics:crab_claw":2,"minecraft:stone_pickaxe":173,"minecraft:wooden_pickaxe":3,"minecraft:shield":26,"minecraft:iron_sword":100,"vanillaplustools:stone_hammer":1,"luminousworld:savannah_ground":2,"minecraft:crafting_table":6,"minecraft:wooden_axe":47,"minecraft:bread":37,"minecraft:iron_pickaxe":5,"minecraft:stone_axe":21,"minecraft:cobblestone":16,"minecraft:hay_block":2,"luminousworld:savannah_soil":5,"minecraft:furnace":3,"tombstone:gift":2,"minecraft:gold_block":1,"minecraft:coarse_dirt":1,"minecraft:cobweb":2},"minecraft:broken":{"minecraft:stone_pickaxe":1},"minecraft:crafted":{"naturalist:cooked_catfish":5,"minecraft:cherry_planks":8,"minecraft:oak_planks":24,"sophisticatedbackpacks:backpack":1,"vanillaplustools:stone_hammer":1,"minecraft:crafting_table":1,"minecraft:spruce_planks":4,"minecraft:wooden_pickaxe":1,"minecraft:iron_sword":1,"minecraft:furnace":1,"iceandfire:armor_copper_metal_leggings":1,"minecraft:copper_ingot":87,"minecraft:stone_axe":1,"naturalist:cooked_bass":4,"minecraft:bread":58,"minecraft:air":0,"iceandfire:armor_copper_metal_boots":1,"minecraft:shield":1,"minecraft:stick":40,"minecraft:iron_ingot":26,"minecraft:iron_pickaxe":1,"minecraft:stone_pickaxe":11,"minecraft:wooden_axe":1,"minecraft:copper_block":8,"alexsmobs:cooked_catfish":16,"minecraft:wheat":171},"minecraft:killed_by":{"iceandfire:ghost":1},"minecraft:picked_up":{"minecraft:wheat":3,"minecraft:crafting_table":6,"minecraft:coarse_dirt":1,"luminousworld:savannah_ground":3,"minecraft:leather":5,"minecraft:gold_block":3,"minecraft:oak_log":64,"iceandfire:ectoplasm":6,"iceandfire:manuscript":12,"minecraft:oak_trapdoor":1,"minecraft:string":5,"minecraft:raw_copper":87,"naturalist:bass":5,"minecraft:bone":10,"iceandfire:graveyard_soil":10,"minecraft:bow":1,"minecraft:wheat_seeds":5,"minecraft:gold_nugget":20,"earthmobsmod:duck_egg":1,"minecraft:iron_ingot":4,"minecraft:beef":2,"minecraft:cobweb":2,"minecraft:iron_pickaxe":1,"naturalist:catfish":5,"minecraft:iron_sword":1,"ecologics:crab_claw":1,"minecraft:furnace":3,"minecraft:raw_iron":26,"iceandfire:ghost_chest":2,"ecologics:coconut_slice":4,"luminousworld:savannah_soil":5,"minecraft:cherry_log":2,"minecraft:white_bed":2,"minecraft:spruce_log":1,"minecraft:carrot":4,"quark:oak_chest":1,"alexsmobs:raw_catfish":16,"minecraft:arrow":2,"minecraft:rotten_flesh":6,"minecraft:diamond":2,"minecraft:hay_block":21,"minecraft:grass":1,"minecraft:emerald":2,"minecraft:oak_sapling":1,"iceandfire:raw_silver":1,"minecraft:coal":51,"minecraft:skeleton_skull":1,"minecraft:cobblestone":74},"minecraft:mined":{"luminousworld:savannah_soil":18,"minecraft:acacia_leaves":1,"minecraft:white_bed":2,"iceandfire:silver_ore":1,"quark:oak_chest":1,"luminousworld:autumnleaves":1,"minecraft:crafting_table":6,"luminousworld:savannah_grass_1":2,"minecraft:emerald_ore":2,"iceandfire:ghost_chest":1,"minecraft:copper_ore":23,"minecraft:tall_grass":4,"minecraft:cobblestone":16,"minecraft:hay_block":21,"minecraft:coarse_dirt":1,"minecraft:oak_trapdoor":1,"minecraft:furnace":3,"minecraft:mud":1,"minecraft:iron_ore":26,"minecraft:gold_block":3,"minecraft:grass":3,"minecraft:coal_ore":52,"minecraft:oak_log":64,"minecraft:vine":1,"minecraft:cobweb":3,"minecraft:stone":58,"luminousworld:savannah_grass_4":2,"minecraft:oak_leaves":7,"luminousworld:savannah_ground":5},"minecraft:dropped":{"minecraft:iron_sword":1,"iceandfire:raw_silver":1,"alexsmobs:animal_dictionary":1,"minecraft:diamond":1,"ecologics:coconut_slice":4,"minecraft:rotten_flesh":6,"iceandfire:ectoplasm":6,"iceandfire:graveyard_soil":10,"minecraft:grass":1,"iceandfire:ghost_chest":1,"minecraft:wooden_axe":1,"luminousworld:savannah_ground":1,"minecraft:oak_sapling":1,"minecraft:arrow":2,"minecraft:bow":1,"minecraft:beef":2,"minecraft:wooden_pickaxe":1,"earthmobsmod:duck_egg":1,"iceandfire:manuscript":12},"minecraft:killed":{"born_in_chaos_v1:zombie_lumberjack":1,"minecraft:spider":2,"enemyexpansion:direwolf":1,"minecraft:skeleton":1,"minecraft:horse":8,"alexsmobs:catfish":3,"luminousworld:savannah_skeleton":2,"minecraft:zombie":1,"naturalist:catfish":5,"iceandfire:ghost":1,"enemyexpansion:botfly":1,"naturalist:bass":3,"ecologics:coconut_crab":1,"minecraft:cow":1}},"DataVersion":3465}