{"stats":{"minecraft:crafted":{"minecraft:oak_planks":220,"minecraft:cooked_chicken":2,"minecraft:stone":199,"minecraft:cooked_mutton":3,"luminousworld:auburntrapdoor":2,"minecraft:stone_bricks":208,"minecraft:cooked_rabbit":4,"sophisticatedbackpacks:backpack":2,"minecraft:crafting_table":5,"minecraft:wooden_pickaxe":2,"minecraft:birch_planks":24,"minecraft:charcoal":5,"minecraft:shield":2,"minecraft:stick":80,"quark:oak_chest":2,"minecraft:iron_ingot":16,"minecraft:iron_pickaxe":1,"minecraft:gold_ingot":64,"iceandfire:silver_sword":1,"minecraft:golden_carrot":18,"securitycraft:furnace_mine":1,"minecraft:coal":63,"minecraft:furnace":3,"minecraft:bone_meal":12,"quark:acacia_chest":2,"minecraft:iron_axe":1,"luminousworld:white_oak_plank":44,"minecraft:stone_pickaxe":2,"minecraft:lead":2,"minecraft:wheat":27,"minecraft:cooked_beef":2,"luminousworld:autumnplank":28,"iceandfire:silver_ingot":3,"luminousworld:auburn_door":3,"minecraft:iron_sword":1,"minecraft:cooked_salmon":6,"securitycraft:taser":1,"minecraft:bread":12,"minecraft:air":0,"minecraft:blue_dye":1,"aether:iron_gloves":1,"minecraft:white_wool":3,"minecraft:golden_apple":2,"minecraft:gold_nugget":144,"minecraft:wooden_axe":1,"minecraft:white_bed":1,"minecraft:acacia_planks":60,"minecraft:torch":224},"minecraft:dropped":{"luminousworld:autumnplank":28,"minecraft:glass_bottle":4,"minecraft:fletching_table":2,"minecraft:leather_helmet":4,"minecraft:flint":2,"minecraft:dirt":18,"securitycraft:furnace_mine":1,"minecraft:chain":2,"minecraft:gold_nugget":48,"minecraft:furnace_minecart":2,"minecraft:iron_pickaxe":1,"quark:oak_chest":1,"minecraft:gold_ingot":1,"minecraft:bone":24,"minecraft:gravel":2,"luminousworld:white_oak_plank":31,"minecraft:rotten_flesh":46,"minecraft:oak_planks":10,"luminousworld:savannah_soil":1,"minecraft:leather_chestplate":4,"supplementaries:flax_seeds":2,"supplementaries:ash":49,"iceandfire:ghost_chest":1,"minecraft:skeleton_skull":1,"minecraft:charcoal":2,"born_in_chaos_v1:corpse_maggot":1,"minecraft:leather_boots":4,"minecraft:leather_leggings":11,"minecraft:arrow":1,"minecraft:scaffolding":2,"iceandfire:manuscript":24,"minecraft:iron_ingot":1,"minecraft:water_bucket":1,"minecraft:wheat_seeds":38,"minecraft:golden_helmet":2,"luminousworld:ishstone":9,"minecraft:cobblestone":7,"minecraft:spruce_stairs":2,"minecraft:golden_apple":1,"minecraft:coal_block":10,"minecraft:stick":9,"minecraft:torch":7,"tombstone:grave_key":1,"minecraft:fire_charge":1,"minecraft:iron_leggings":3,"minecraft:white_banner":1,"minecraft:iron_axe":1,"minecraft:iron_shovel":2,"minecraft:string":19,"minecraft:acacia_planks":1,"minecraft:furnace":2,"minecraft:coarse_dirt":62,"luminousworld:soft_birch_log":1,"minecraft:raw_copper":16,"minecraft:tuff":6,"born_in_chaos_v1:rotten_fish":4,"minecraft:iron_boots":3,"minecraft:smoker":2,"sophisticatedbackpacks:backpack":1,"aether:iron_gloves":1,"quark:birch_ladder":1,"iceandfire:silver_ingot":1,"minecraft:spider_eye":6,"luminousworld:elephant_grass":1,"minecraft:stone_pickaxe":1,"minecraft:wooden_pickaxe":2},"minecraft:broken":{"minecraft:stone_pickaxe":1,"minecraft:wooden_axe":1,"minecraft:wooden_pickaxe":1,"minecraft:shield":1,"minecraft:iron_pickaxe":1,"minecraft:iron_helmet":1},"minecraft:killed":{"born_in_chaos_v1:restless_spirit":1,"minecraft:spider":2,"born_in_chaos_v1:siamese_skeletonsright":2,"minecraft:skeleton":3,"luminousworld:ringlet":1,"undead_revamp2:thepregnant":1,"enemyexpansion:vampflyer":1,"minecraft:pig":1,"undead_revamp2:thebeartamer":2,"minecraft:creeper":1,"minecraft:zombie":1,"born_in_chaos_v1:dread_hound":1,"enemyexpansion:vampire":2,"born_in_chaos_v1:corpse_fly":11,"born_in_chaos_v1:door_knight":1,"minecraft:cow":2,"born_in_chaos_v1:siamese_skeletonsleft":2,"enemyexpansion:wasp":2,"undead_revamp2:thegliter":2,"minecraft:slime":13,"enemyexpansion:direwolf":1,"born_in_chaos_v1:maggot":6,"luminousworld:swamp_skeleton":2,"minecraft:drowned":1,"born_in_chaos_v1:corpse_fish":1,"luminousworld:savannah_zombie":4,"born_in_chaos_v1:decrepit_skeleton":1,"undead_revamp2:thesomnolence":3,"iceandfire:ghost":4,"luminousworld:swamp_zombie":2,"enemyexpansion:huntsman":1,"creeperoverhaul:savannah_creeper":1},"minecraft:used":{"minecraft:iron_shovel":140,"minecraft:shield":56,"minecraft:iron_sword":89,"luminousworld:savannah_ground":8,"minecraft:rotten_flesh":3,"minecraft:iron_chestplate":1,"born_in_chaos_v1:corpse_maggot":13,"minecraft:lantern":1,"minecraft:grass_block":1,"minecraft:iron_helmet":1,"iceandfire:ghost_chest":1,"luminousworld:elephant_grass":2,"minecraft:stone_bricks":207,"minecraft:item_frame":2,"minecraft:oak_sapling":15,"minecraft:furnace":7,"minecraft:skeleton_skull":1,"luminousworld:autumnplank":1,"minecraft:diorite":2,"minecraft:leather_leggings":1,"minecraft:stone_pickaxe":216,"minecraft:oak_planks":195,"minecraft:leather_chestplate":1,"minecraft:wooden_pickaxe":64,"minecraft:sugar_cane":4,"minecraft:cookie":5,"minecraft:golden_apple":3,"sophisticatedbackpacks:backpack":3,"minecraft:bread":40,"luminousworld:auburn_sapling":1,"born_in_chaos_v1:rotten_fish":1,"minecraft:bone_meal":11,"minecraft:coarse_dirt":23,"minecraft:golden_pickaxe":6,"minecraft:experience_bottle":1,"minecraft:cobweb":9,"luminousworld:auburntrapdoor":1,"iceandfire:silver_sword":375,"minecraft:armor_stand":3,"minecraft:cooked_salmon":6,"minecraft:torch":206,"minecraft:dirt":15,"minecraft:granite":7,"minecraft:wooden_axe":49,"minecraft:iron_axe":161,"minecraft:iron_boots":1,"alexscaves:spelunkery_table":2,"luminousworld:savannah_soil":45,"luminousworld:auburn_door":2,"tombstone:gift":2,"minecraft:cooked_beef":4,"minecraft:golden_axe":11,"minecraft:iron_leggings":1,"minecraft:water_bucket":39,"minecraft:leather_boots":1,"minecraft:crafting_table":10,"quark:acacia_chest":2,"minecraft:white_bed":3,"minecraft:iron_pickaxe":357,"minecraft:leather_helmet":1,"minecraft:cobblestone":18,"minecraft:white_banner":1,"minecraft:cooked_porkchop":7,"minecraft:bucket":41,"minecraft:yellow_bed":6,"quark:oak_chest":3},"minecraft:picked_up":{"minecraft:iron_chestplate":3,"minecraft:wheat":11,"minecraft:chainmail_boots":1,"aether:iron_gloves":1,"minecraft:enchanted_book":2,"iceandfire:manuscript":24,"minecraft:string":40,"minecraft:raw_copper":16,"minecraft:iron_leggings":7,"minecraft:armor_stand":9,"minecraft:experience_bottle":1,"minecraft:gold_nugget":48,"minecraft:cobbled_deepslate":53,"minecraft:rose_bush":1,"minecraft:iron_pickaxe":2,"minecraft:coal_block":38,"minecraft:furnace":8,"minecraft:iron_boots":6,"minecraft:golden_helmet":2,"luminousworld:auburnlog":7,"minecraft:stick":14,"iceandfire:ghost_chest":3,"minecraft:torch":22,"minecraft:acacia_log":20,"minecraft:spruce_stairs":2,"luminousworld:savannah_soil":54,"tombstone:grave_dust":2,"minecraft:diorite":11,"minecraft:brown_carpet":2,"minecraft:rotten_flesh":56,"luminousworld:soft_birch_log":1,"artifacts:villager_hat":1,"supplementaries:ash":49,"minecraft:cobblestone":431,"minecraft:birch_log":6,"minecraft:furnace_minecart":2,"luminousworld:savannah_ground":8,"minecraft:leather_chestplate":5,"minecraft:cooked_beef":4,"minecraft:water_bucket":1,"minecraft:andesite":4,"minecraft:smoker":2,"minecraft:potato":5,"minecraft:flint":4,"minecraft:tuff":6,"supplementaries:flax_seeds":2,"minecraft:lapis_lazuli":34,"minecraft:dirt":39,"minecraft:lantern":8,"minecraft:leather_boots":4,"minecraft:bone":28,"minecraft:acacia_planks":16,"minecraft:bow":1,"minecraft:wheat_seeds":28,"minecraft:raw_gold":61,"luminousworld:elephant_grass":3,"minecraft:dark_oak_sign":2,"minecraft:rabbit":4,"minecraft:mossy_stone_bricks":1,"minecraft:fletching_table":2,"minecraft:oak_planks":46,"securitycraft:mine":1,"minecraft:cooked_porkchop":7,"minecraft:sand":6,"minecraft:grass_block":1,"quark:birch_ladder":1,"minecraft:diamond":2,"minecraft:granite":19,"luminousworld:auburn_sapling":1,"minecraft:golden_apple":1,"minecraft:bread":5,"minecraft:emerald":4,"minecraft:oak_sapling":18,"born_in_chaos_v1:rotten_fish":5,"iceandfire:silver_nugget":30,"undead_revamp2:bostroxingot":2,"minecraft:charcoal":10,"minecraft:coarse_dirt":165,"minecraft:crafting_table":5,"minecraft:chicken":2,"minecraft:leather_leggings":10,"minecraft:golden_pickaxe":1,"minecraft:wooden_pickaxe":3,"minecraft:chain":2,"minecraft:iron_axe":3,"born_in_chaos_v1:intoxicating_decoction":2,"minecraft:item_frame":6,"minecraft:iron_shovel":4,"minecraft:beef":2,"minecraft:sugar_cane":4,"luminousworld:white_oak_plank":31,"minecraft:spruce_trapdoor":3,"minecraft:raw_iron":13,"minecraft:stone":11,"sophisticatedbackpacks:backpack":1,"minecraft:cookie":5,"minecraft:carrot":65,"minecraft:redstone":2,"minecraft:arrow":2,"minecraft:hay_block":3,"alexscaves:spelunkery_table":2,"minecraft:gold_ingot":1,"minecraft:glow_berries":1,"minecraft:mutton":3,"minecraft:skeleton_skull":4,"minecraft:rail":3,"born_in_chaos_v1:fused_bone":4,"born_in_chaos_v1:corpse_maggot":15,"born_in_chaos_v1:monster_flesh":1,"luminousworld:ishstone":9,"minecraft:leather":5,"minecraft:oak_log":55,"iceandfire:ectoplasm":5,"minecraft:golden_boots":1,"minecraft:yellow_bed":7,"minecraft:gunpowder":7,"minecraft:white_banner":2,"minecraft:apple":2,"minecraft:stone_bricks":2,"minecraft:iron_ingot":5,"minecraft:cobweb":3,"minecraft:glass_bottle":4,"luminousworld:autumnplank":29,"minecraft:book":141,"minecraft:scaffolding":2,"minecraft:gravel":2,"minecraft:amethyst_shard":16,"minecraft:white_bed":3,"quark:oak_chest":3,"minecraft:spider_eye":1,"minecraft:leather_helmet":3,"luminousworld:whiteoaklog":11,"minecraft:slime_ball":17,"iceandfire:silver_sword":1,"minecraft:iron_helmet":4,"minecraft:coal":93},"minecraft:killed_by":{"enemyexpansion:huntsman":1,"minecraft:zombie":1,"enemyexpansion:invisicreeper":2,"born_in_chaos_v1:zombie_lumberjack":1,"born_in_chaos_v1:maggot":1},"minecraft:custom":{"minecraft:interact_with_crafting_table":63,"minecraft:open_barrel":10,"minecraft:leave_game":2,"minecraft:time_since_death":59856,"minecraft:sprint_one_cm":631308,"minecraft:damage_blocked_by_shield":3174,"minecraft:drop":141,"minecraft:talked_to_villager":6,"minecraft:play_time":287867,"minecraft:deaths":9,"minecraft:jump":3156,"minecraft:walk_on_water_one_cm":117570,"minecraft:interact_with_furnace":141,"minecraft:interact_with_cartography_table":1,"minecraft:interact_with_loom":12,"minecraft:sleep_in_bed":14,"minecraft:damage_dealt":21586,"minecraft:crouch_one_cm":25351,"tombstone:undead_killed":32,"minecraft:interact_with_smoker":1,"minecraft:mob_kills":111,"minecraft:damage_dealt_resisted":324,"minecraft:climb_one_cm":11754,"minecraft:walk_one_cm":745059,"minecraft:sneak_time":7485,"minecraft:walk_under_water_one_cm":69038,"minecraft:interact_with_blast_furnace":1,"minecraft:total_world_time":287867,"minecraft:time_since_rest":59251,"minecraft:damage_taken":6256,"minecraft:damage_absorbed":120,"minecraft:trigger_trapped_chest":4,"minecraft:swim_one_cm":90036,"minecraft:fly_one_cm":440488,"minecraft:open_chest":157,"minecraft:fall_one_cm":49001},"minecraft:mined":{"minecraft:white_bed":1,"minecraft:oak_sapling":1,"luminousworld:yellowpetunias":1,"luminousworld:autumnleaves":34,"minecraft:granite":19,"minecraft:acacia_log":19,"minecraft:grass_block":7,"minecraft:coal_block":24,"luminousworld:savanna_grass_2":18,"minecraft:iron_ore":10,"minecraft:cobbled_deepslate":2,"minecraft:deepslate_lapis_ore":3,"minecraft:iron_bars":2,"minecraft:white_banner":1,"minecraft:amethyst_cluster":4,"iceandfire:ghost_chest":3,"minecraft:cobblestone":17,"minecraft:sugar_cane":2,"minecraft:oak_planks":31,"minecraft:wall_torch":3,"minecraft:mud":1,"minecraft:birch_log":6,"minecraft:grass":4,"quark:birch_ladder":1,"minecraft:oak_log":58,"minecraft:sand":7,"minecraft:dirt":16,"luminousworld:savannah_grass_4":2,"minecraft:oak_leaves":62,"minecraft:deepslate":50,"luminousworld:savannah_ground":8,"alexscaves:spelunkery_table":2,"minecraft:tuff":4,"luminousworld:grassvariant_4":2,"minecraft:mossy_cobblestone":4,"minecraft:deepslate_diamond_ore":2,"luminousworld:whiteoakleaves":4,"minecraft:hay_block":3,"minecraft:furnace":6,"minecraft:carrots":28,"minecraft:andesite":4,"minecraft:bookshelf":47,"minecraft:deepslate_iron_ore":2,"minecraft:vine":5,"minecraft:lantern":3,"minecraft:stone":309,"luminousworld:soft_birch_log":1,"luminousworld:savannah_soil":61,"minecraft:scaffolding":1,"quark:oak_chest":1,"minecraft:crafting_table":5,"luminousworld:savannah_grass_1":10,"minecraft:emerald_ore":2,"minecraft:campfire":4,"luminousworld:auburnlog":7,"minecraft:tall_grass":2,"minecraft:lapis_ore":2,"minecraft:deepslate_gold_ore":20,"minecraft:diorite":11,"supplementaries:urn":13,"luminousworld:whiteoaklog":11,"minecraft:coarse_dirt":152,"minecraft:birch_leaves":2,"luminousworld:autumnplank":1,"minecraft:yellow_bed":6,"minecraft:coal_ore":37,"iceandfire:silver_pile":9,"luminousworld:ishstone":9,"minecraft:gravel":7,"minecraft:cobweb":12,"minecraft:cracked_stone_bricks":1,"minecraft:stone_bricks":11,"luminousworld:elephant_grass":5,"minecraft:mossy_stone_bricks":1,"minecraft:gold_ore":40,"minecraft:fern":1}},"DataVersion":3465}