{"stats":{"minecraft:used":{"minecraft:diorite":2,"minecraft:leather_leggings":1,"minecraft:armor_stand":3,"minecraft:stone_pickaxe":30,"minecraft:oak_planks":2,"minecraft:wooden_pickaxe":50,"minecraft:leather_chestplate":1,"minecraft:leather_boots":1,"minecraft:iron_chestplate":1,"minecraft:torch":1,"minecraft:crafting_table":5,"minecraft:granite":7,"minecraft:wooden_axe":49,"minecraft:bread":8,"minecraft:iron_pickaxe":1,"minecraft:iron_helmet":1,"minecraft:leather_helmet":1,"minecraft:iron_boots":1,"minecraft:item_frame":2,"minecraft:cobblestone":2,"luminousworld:savannah_soil":10,"minecraft:furnace":3,"quark:oak_chest":1,"tombstone:gift":2,"minecraft:yellow_bed":2,"minecraft:iron_leggings":1,"minecraft:golden_axe":4,"minecraft:experience_bottle":1},"minecraft:custom":{"minecraft:interact_with_furnace":13,"minecraft:interact_with_crafting_table":14,"minecraft:time_since_death":36144,"minecraft:sleep_in_bed":4,"minecraft:climb_one_cm":2454,"minecraft:time_since_rest":11946,"minecraft:sprint_one_cm":99639,"minecraft:damage_taken":532,"minecraft:walk_one_cm":89249,"minecraft:drop":41,"minecraft:damage_dealt":617,"minecraft:swim_one_cm":6902,"minecraft:talked_to_villager":5,"minecraft:fly_one_cm":59111,"minecraft:open_chest":16,"minecraft:crouch_one_cm":146,"minecraft:play_time":39951,"minecraft:deaths":1,"minecraft:sneak_time":50,"minecraft:walk_under_water_one_cm":1283,"minecraft:jump":388,"minecraft:walk_on_water_one_cm":2396,"minecraft:total_world_time":39951,"minecraft:fall_one_cm":7622},"minecraft:broken":{"minecraft:wooden_axe":1},"minecraft:crafted":{"minecraft:oak_planks":20,"iceandfire:silver_ingot":3,"minecraft:crafting_table":3,"minecraft:wooden_pickaxe":2,"minecraft:furnace":1,"minecraft:birch_planks":24,"minecraft:air":0,"minecraft:charcoal":5,"minecraft:shield":1,"minecraft:iron_pickaxe":1,"minecraft:stick":16,"minecraft:iron_ingot":4,"minecraft:stone_pickaxe":1,"minecraft:wooden_axe":1,"minecraft:acacia_planks":20,"minecraft:torch":8,"iceandfire:silver_sword":1,"minecraft:wheat":27},"minecraft:picked_up":{"minecraft:birch_log":6,"minecraft:iron_chestplate":3,"minecraft:wheat":10,"minecraft:crafting_table":3,"minecraft:leather_chestplate":5,"minecraft:leather_leggings":7,"minecraft:leather":4,"minecraft:wooden_pickaxe":3,"minecraft:flint":2,"minecraft:oak_log":5,"minecraft:yellow_bed":3,"minecraft:dirt":2,"minecraft:lantern":7,"minecraft:iron_leggings":3,"minecraft:armor_stand":9,"minecraft:leather_boots":4,"minecraft:item_frame":6,"minecraft:experience_bottle":1,"minecraft:acacia_planks":16,"minecraft:bow":1,"minecraft:wheat_seeds":25,"minecraft:iron_ingot":1,"minecraft:dark_oak_sign":2,"minecraft:rose_bush":1,"minecraft:coal_block":24,"minecraft:oak_planks":17,"minecraft:spruce_trapdoor":3,"minecraft:iron_boots":5,"minecraft:furnace":6,"minecraft:book":138,"minecraft:scaffolding":2,"minecraft:stick":4,"minecraft:raw_iron":4,"minecraft:torch":7,"minecraft:acacia_log":10,"minecraft:spruce_stairs":2,"luminousworld:savannah_soil":10,"minecraft:diorite":2,"quark:oak_chest":2,"minecraft:leather_helmet":3,"minecraft:brown_carpet":2,"minecraft:iron_helmet":4,"minecraft:hay_block":3,"minecraft:granite":19,"iceandfire:silver_nugget":30,"minecraft:coal":1,"minecraft:cobblestone":14},"minecraft:mined":{"luminousworld:savannah_soil":10,"quark:oak_chest":1,"minecraft:crafting_table":3,"minecraft:granite":19,"minecraft:acacia_log":10,"minecraft:grass_block":1,"minecraft:coal_block":24,"minecraft:cobblestone":1,"minecraft:oak_planks":2,"minecraft:diorite":2,"minecraft:hay_block":3,"minecraft:furnace":4,"minecraft:iron_ore":5,"minecraft:birch_log":6,"minecraft:yellow_bed":3,"minecraft:grass":1,"minecraft:bookshelf":46,"minecraft:oak_log":5,"minecraft:coal_ore":1,"iceandfire:silver_pile":9,"minecraft:lantern":3,"minecraft:dirt":1,"minecraft:stone_bricks":1,"minecraft:stone":12,"minecraft:oak_leaves":1},"minecraft:dropped":{"minecraft:furnace":2,"minecraft:cobblestone":1,"minecraft:iron_boots":1,"minecraft:spruce_stairs":2,"minecraft:leather_helmet":4,"minecraft:stick":5,"minecraft:flint":2,"minecraft:dirt":2,"minecraft:leather_chestplate":4,"minecraft:torch":7,"tombstone:grave_key":1,"iceandfire:silver_ingot":1,"minecraft:leather_boots":4,"minecraft:fire_charge":1,"minecraft:leather_leggings":7,"minecraft:wooden_pickaxe":2,"minecraft:scaffolding":2,"minecraft:acacia_planks":1}},"DataVersion":3465}