{"stats":{"minecraft:killed":{"minecraft:cave_spider":2,"born_in_chaos_v1:restless_spirit":1,"born_in_chaos_v1:zombie_lumberjack":2,"minecraft:spider":2,"undead_revamp2:thesmoker":2,"born_in_chaos_v1:siamese_skeletonsright":2,"minecraft:skeleton":7,"luminousworld:ringlet":1,"ecologics:coconut_crab":1,"undead_revamp2:therod":1,"undead_revamp2:thepregnant":1,"enemyexpansion:vampflyer":1,"minecraft:pig":1,"undead_revamp2:thebeartamer":2,"minecraft:creeper":1,"undead_revamp2:thebidyupside":1,"luminousworld:savannah_skeleton":3,"minecraft:zombie":10,"born_in_chaos_v1:dread_hound":3,"enemyexpansion:vampire":2,"alexsmobs:terrapin":1,"born_in_chaos_v1:corpse_fly":11,"enemyexpansion:botfly":4,"undead_revamp2:theskeeper":1,"born_in_chaos_v1:door_knight":1,"enemyexpansion:wasp":2,"born_in_chaos_v1:siamese_skeletonsleft":2,"minecraft:cow":2,"enemyexpansion:trollenraged":1,"undead_revamp2:thegliter":3,"undead_revamp2:bomber":1,"minecraft:slime":13,"enemyexpansion:direwolf":1,"born_in_chaos_v1:maggot":8,"minecraft:phantom":2,"luminousworld:swamp_skeleton":4,"minecraft:drowned":2,"born_in_chaos_v1:corpse_fish":1,"undead_revamp2:sucker":2,"luminousworld:savannah_zombie":8,"mowziesmobs:baby_foliaath":2,"undead_revamp2:the_moonflower":12,"enemyexpansion:sprinter":2,"born_in_chaos_v1:decrepit_skeleton":4,"born_in_chaos_v1:bloody_gadfly":1,"undead_revamp2:thesomnolence":6,"ecologics:squirrel":1,"luminousworld:swamp_zombie":4,"iceandfire:ghost":6,"born_in_chaos_v1:dark_vortex":1,"enemyexpansion:huntsman":2,"creeperoverhaul:savannah_creeper":1},"minecraft:killed_by":{"enemyexpansion:huntsman":1,"minecraft:zombie":1,"enemyexpansion:invisicreeper":2,"born_in_chaos_v1:zombie_lumberjack":1,"born_in_chaos_v1:maggot":1},"minecraft:custom":{"minecraft:interact_with_crafting_table":97,"minecraft:open_barrel":10,"minecraft:leave_game":7,"minecraft:time_since_death":314627,"minecraft:sprint_one_cm":1047199,"minecraft:damage_blocked_by_shield":5769,"minecraft:drop":187,"minecraft:talked_to_villager":11,"minecraft:play_time":542638,"minecraft:deaths":9,"minecraft:jump":5134,"minecraft:walk_on_water_one_cm":223981,"minecraft:interact_with_furnace":169,"minecraft:interact_with_cartography_table":1,"minecraft:interact_with_loom":14,"minecraft:sleep_in_bed":17,"minecraft:damage_dealt":38906,"minecraft:crouch_one_cm":59913,"tombstone:undead_killed":89,"minecraft:interact_with_smoker":1,"minecraft:mob_kills":207,"minecraft:damage_dealt_resisted":572,"minecraft:climb_one_cm":13875,"minecraft:walk_one_cm":1378286,"minecraft:sneak_time":16850,"minecraft:walk_under_water_one_cm":127403,"minecraft:interact_with_blast_furnace":1,"minecraft:total_world_time":542638,"tombstone:raider_killed":2,"minecraft:interact_with_stonecutter":5,"minecraft:time_since_rest":163761,"minecraft:damage_taken":8510,"minecraft:damage_absorbed":120,"minecraft:trigger_trapped_chest":4,"minecraft:swim_one_cm":166232,"minecraft:fly_one_cm":706359,"minecraft:open_chest":225,"minecraft:fall_one_cm":69959},"minecraft:picked_up":{"minecraft:iron_chestplate":3,"minecraft:wheat":13,"minecraft:chainmail_boots":1,"minecraft:diamond_sword":1,"aether:iron_gloves":1,"minecraft:oak_stairs":1,"minecraft:enchanted_book":3,"iceandfire:manuscript":24,"minecraft:string":48,"minecraft:raw_copper":16,"minecraft:iron_leggings":8,"minecraft:armor_stand":9,"minecraft:experience_bottle":1,"minecraft:gold_nugget":48,"minecraft:cobbled_deepslate":280,"earthmobsmod:duck_egg":1,"minecraft:rose_bush":1,"minecraft:iron_pickaxe":2,"minecraft:coal_block":38,"minecraft:iron_boots":6,"minecraft:furnace":8,"minecraft:golden_helmet":2,"minecraft:stick":23,"iceandfire:ghost_chest":3,"luminousworld:auburnlog":7,"minecraft:torch":49,"minecraft:acacia_log":20,"minecraft:spruce_stairs":2,"luminousworld:savannah_soil":72,"tombstone:grave_dust":11,"minecraft:diorite":19,"minecraft:brown_carpet":2,"quark:ancient_tome":1,"minecraft:rotten_flesh":77,"luminousworld:soft_birch_log":1,"artifacts:villager_hat":1,"supplementaries:ash":69,"minecraft:obsidian":14,"undead_revamp2:arapholia":2,"minecraft:cobblestone":474,"minecraft:birch_log":6,"minecraft:furnace_minecart":2,"luminousworld:savannah_ground":9,"minecraft:leather_chestplate":5,"minecraft:cooked_beef":4,"minecraft:water_bucket":1,"minecraft:andesite":6,"minecraft:smoker":2,"minecraft:potato":46,"minecraft:flint":4,"minecraft:tuff":42,"supplementaries:flax_seeds":6,"minecraft:lapis_lazuli":34,"minecraft:dirt":43,"minecraft:lantern":8,"born_in_chaos_v1:monster_skin":1,"minecraft:leather_boots":4,"minecraft:bone":49,"minecraft:acacia_planks":16,"minecraft:bow":1,"minecraft:wheat_seeds":38,"minecraft:raw_gold":76,"luminousworld:elephant_grass":4,"minecraft:dark_oak_sign":2,"minecraft:mossy_stone_bricks":1,"minecraft:fletching_table":2,"minecraft:rabbit":4,"minecraft:oak_planks":47,"securitycraft:mine":1,"minecraft:cooked_porkchop":7,"minecraft:poisonous_potato":1,"minecraft:sand":128,"minecraft:grass_block":1,"alexsmobs:animal_dictionary":1,"quark:birch_ladder":1,"minecraft:diamond":70,"luminousworld:yellowpetunias":1,"minecraft:granite":19,"luminousworld:auburn_sapling":1,"minecraft:golden_apple":1,"minecraft:emerald":4,"minecraft:bread":5,"minecraft:oak_sapling":40,"born_in_chaos_v1:rotten_fish":5,"iceandfire:silver_nugget":30,"minecraft:charcoal":10,"undead_revamp2:bostroxingot":2,"luminousworld:groundpebbles_1":2,"minecraft:coarse_dirt":173,"minecraft:crafting_table":5,"minecraft:chicken":2,"minecraft:golden_pickaxe":1,"minecraft:leather_leggings":10,"ecologics:seashell":2,"minecraft:wooden_pickaxe":3,"minecraft:chain":2,"minecraft:iron_axe":4,"born_in_chaos_v1:intoxicating_decoction":2,"minecraft:item_frame":6,"minecraft:white_stained_glass":94,"minecraft:iron_shovel":4,"minecraft:glass_pane":4,"minecraft:beef":2,"minecraft:sugar_cane":33,"luminousworld:white_oak_plank":31,"minecraft:spruce_trapdoor":3,"minecraft:black_stained_glass":77,"minecraft:raw_iron":75,"minecraft:stone":14,"ecologics:coconut_slice":16,"minecraft:copper_ingot":1,"sophisticatedbackpacks:backpack":1,"minecraft:cookie":5,"minecraft:carrot":65,"minecraft:redstone":34,"minecraft:arrow":14,"minecraft:beetroot_seeds":6,"minecraft:hay_block":3,"alexscaves:spelunkery_table":2,"minecraft:saddle":1,"tombstone:essence_of_undeath":1,"minecraft:gold_ingot":1,"minecraft:bone_block":11,"minecraft:glow_berries":1,"minecraft:mutton":3,"minecraft:skeleton_skull":4,"minecraft:rail":3,"born_in_chaos_v1:fused_bone":4,"born_in_chaos_v1:corpse_maggot":15,"born_in_chaos_v1:monster_flesh":1,"luminousworld:ishstone":11,"minecraft:leather":5,"minecraft:oak_log":117,"iceandfire:ectoplasm":5,"minecraft:golden_boots":1,"minecraft:yellow_bed":7,"minecraft:gunpowder":7,"minecraft:white_banner":2,"minecraft:red_carpet":34,"minecraft:apple":2,"minecraft:stone_bricks":124,"mowziesmobs:foliaath_seed":4,"minecraft:rabbit_hide":5,"minecraft:iron_ingot":7,"minecraft:cobweb":13,"minecraft:iron_ore":2,"luminousworld:auburn_door":1,"tombstone:bag_of_seeds":2,"minecraft:glass_bottle":5,"luminousworld:white_petunias":1,"luminousworld:autumnplank":29,"minecraft:iron_sword":2,"minecraft:book":147,"minecraft:scaffolding":2,"minecraft:oak_slab":14,"minecraft:stone_brick_slab":19,"born_in_chaos_v1:ethereal_spirit":1,"minecraft:torchflower_seeds":2,"minecraft:gravel":2,"born_in_chaos_v1:dark_rod":1,"minecraft:amethyst_shard":16,"minecraft:white_bed":3,"quark:oak_chest":3,"minecraft:spider_eye":3,"minecraft:leather_helmet":3,"luminousworld:whiteoaklog":12,"minecraft:slime_ball":17,"minecraft:chainmail_leggings":1,"iceandfire:silver_sword":1,"minecraft:iron_helmet":4,"minecraft:coal":93},"minecraft:broken":{"minecraft:iron_chestplate":1,"minecraft:stone_pickaxe":1,"minecraft:iron_sword":1,"minecraft:wooden_axe":1,"aether:iron_gloves":1,"minecraft:wooden_pickaxe":1,"minecraft:shield":2,"minecraft:iron_pickaxe":3,"minecraft:iron_helmet":1,"minecraft:wooden_hoe":1},"minecraft:used":{"minecraft:iron_shovel":263,"minecraft:shield":92,"minecraft:iron_sword":368,"luminousworld:savannah_ground":8,"minecraft:rotten_flesh":3,"minecraft:iron_chestplate":1,"minecraft:carrot":15,"sophisticatedbackpacks:diamond_backpack":1,"born_in_chaos_v1:corpse_maggot":13,"minecraft:lantern":1,"minecraft:grass_block":1,"iceandfire:ghost_chest":1,"minecraft:iron_helmet":1,"luminousworld:elephant_grass":3,"minecraft:stone_bricks":313,"minecraft:item_frame":2,"minecraft:bow":10,"minecraft:red_carpet":34,"minecraft:oak_sapling":23,"minecraft:furnace":7,"minecraft:skeleton_skull":1,"minecraft:potato":21,"mowziesmobs:foliaath_seed":12,"luminousworld:autumnplank":1,"minecraft:diorite":2,"minecraft:leather_leggings":1,"minecraft:stone_pickaxe":216,"minecraft:oak_planks":208,"minecraft:wooden_pickaxe":64,"minecraft:leather_chestplate":1,"minecraft:sugar_cane":7,"cataclysm:chiseled_stone_brick_pillar":16,"minecraft:cookie":5,"minecraft:golden_apple":3,"minecraft:sand":4,"sophisticatedbackpacks:backpack":3,"earthmobsmod:duck_egg":1,"minecraft:bread":40,"ecologics:coconut_slice":16,"luminousworld:auburn_sapling":1,"minecraft:diamond_sword":46,"born_in_chaos_v1:rotten_fish":1,"minecraft:cooked_rabbit":4,"minecraft:coarse_dirt":95,"minecraft:bone_meal":41,"minecraft:golden_pickaxe":6,"minecraft:cobweb":9,"minecraft:experience_bottle":1,"iceandfire:silver_sword":375,"luminousworld:auburntrapdoor":1,"minecraft:armor_stand":3,"minecraft:cooked_salmon":6,"minecraft:cooked_chicken":2,"minecraft:torch":279,"minecraft:dirt":19,"minecraft:anvil":1,"minecraft:granite":7,"minecraft:stone_brick_slab":25,"minecraft:wooden_axe":49,"minecraft:bookshelf":19,"minecraft:iron_axe":300,"minecraft:iron_boots":1,"alexscaves:spelunkery_table":2,"minecraft:golden_carrot":9,"minecraft:black_stained_glass":77,"luminousworld:savannah_soil":63,"luminousworld:auburn_door":5,"tombstone:gift":4,"minecraft:cooked_beef":6,"minecraft:cobbled_deepslate":43,"minecraft:golden_axe":11,"minecraft:iron_leggings":1,"minecraft:wheat_seeds":9,"minecraft:cooked_mutton":3,"minecraft:water_bucket":60,"minecraft:baked_potato":20,"minecraft:stonecutter":1,"minecraft:leather_boots":1,"quark:acacia_bookshelf":1,"minecraft:oak_slab":194,"minecraft:crafting_table":11,"quark:acacia_chest":2,"minecraft:white_bed":3,"tombstone:bag_of_seeds":3,"minecraft:wooden_hoe":97,"minecraft:diamond_pickaxe":367,"minecraft:iron_pickaxe":956,"minecraft:leather_helmet":1,"minecraft:cobblestone":18,"minecraft:white_banner":1,"minecraft:cooked_porkchop":7,"minecraft:bucket":62,"minecraft:glass_pane":24,"minecraft:yellow_bed":6,"quark:oak_chest":3,"alexsmobs:animal_dictionary":2},"minecraft:mined":{"minecraft:white_bed":1,"minecraft:oak_sapling":1,"luminousworld:yellowpetunias":1,"luminousworld:autumnleaves":34,"minecraft:obsidian":14,"minecraft:granite":19,"minecraft:acacia_log":19,"minecraft:grass_block":10,"minecraft:coal_block":24,"quark:acacia_bookshelf":1,"luminousworld:savanna_grass_2":18,"minecraft:iron_ore":12,"minecraft:cobbled_deepslate":3,"minecraft:deepslate_lapis_ore":3,"minecraft:oak_stairs":2,"minecraft:iron_bars":2,"minecraft:white_banner":1,"minecraft:deepslate_redstone_ore":7,"minecraft:amethyst_cluster":4,"minecraft:torch":15,"iceandfire:ghost_chest":3,"minecraft:cobblestone":21,"minecraft:oak_planks":32,"minecraft:sugar_cane":23,"minecraft:wall_torch":13,"minecraft:seagrass":1,"ecologics:seashell":2,"minecraft:mud":1,"minecraft:birch_log":6,"minecraft:grass":12,"quark:birch_ladder":1,"minecraft:oak_log":120,"minecraft:dirt":19,"minecraft:sand":119,"minecraft:deepslate":418,"luminousworld:savannah_grass_4":5,"minecraft:oak_leaves":114,"luminousworld:savannah_ground":9,"alexscaves:spelunkery_table":2,"minecraft:tuff":38,"minecraft:red_carpet":10,"luminousworld:grassvariant_4":2,"minecraft:mossy_cobblestone":4,"minecraft:deepslate_diamond_ore":70,"minecraft:white_stained_glass":97,"luminousworld:grassvariant_2":1,"luminousworld:whiteoakleaves":4,"minecraft:birch_slab":1,"luminousworld:groundpebbles_3":1,"minecraft:hay_block":3,"minecraft:furnace":6,"minecraft:carrots":28,"minecraft:andesite":6,"minecraft:bookshelf":48,"minecraft:vine":5,"minecraft:deepslate_iron_ore":64,"minecraft:lantern":3,"minecraft:stone":353,"luminousworld:soft_birch_log":1,"luminousworld:savannah_soil":81,"minecraft:oak_slab":8,"minecraft:scaffolding":1,"minecraft:glass_pane":4,"quark:oak_chest":1,"minecraft:stone_brick_slab":20,"minecraft:crafting_table":5,"luminousworld:savannah_grass_1":10,"minecraft:emerald_ore":2,"minecraft:campfire":4,"luminousworld:auburnlog":7,"minecraft:tall_grass":6,"minecraft:deepslate_gold_ore":35,"minecraft:lapis_ore":2,"minecraft:diorite":15,"supplementaries:urn":14,"luminousworld:whiteoaklog":11,"minecraft:black_stained_glass":78,"minecraft:coarse_dirt":176,"luminousworld:auburn_door":1,"minecraft:birch_leaves":2,"luminousworld:autumnplank":1,"minecraft:yellow_bed":6,"iceandfire:silver_pile":9,"minecraft:coal_ore":37,"luminousworld:ishstone":15,"minecraft:gravel":11,"minecraft:cobweb":13,"minecraft:cracked_stone_bricks":2,"minecraft:stone_bricks":143,"luminousworld:elephant_grass":6,"minecraft:mossy_stone_bricks":1,"minecraft:gold_ore":40,"minecraft:fern":1},"minecraft:crafted":{"minecraft:oak_planks":468,"minecraft:cooked_chicken":2,"cataclysm:chiseled_stone_brick_pillar":12,"minecraft:stone":199,"minecraft:bookshelf":19,"minecraft:cooked_mutton":3,"quark:acacia_bookshelf":1,"minecraft:glass":60,"minecraft:stone_brick_slab":6,"minecraft:bow":1,"luminousworld:auburntrapdoor":2,"minecraft:stone_bricks":208,"minecraft:cooked_rabbit":4,"minecraft:oak_slab":180,"sophisticatedbackpacks:backpack":2,"minecraft:crafting_table":6,"minecraft:wooden_pickaxe":2,"minecraft:baked_potato":28,"minecraft:birch_planks":24,"minecraft:diamond_pickaxe":1,"minecraft:wooden_hoe":2,"minecraft:paper":9,"minecraft:charcoal":5,"minecraft:shield":3,"sophisticatedbackpacks:diamond_backpack":1,"minecraft:stick":108,"quark:oak_chest":2,"minecraft:iron_ingot":80,"minecraft:iron_pickaxe":2,"minecraft:iron_block":3,"minecraft:gold_ingot":64,"iceandfire:silver_sword":1,"minecraft:golden_carrot":18,"securitycraft:furnace_mine":1,"minecraft:coal":81,"minecraft:furnace":3,"minecraft:bone_meal":42,"alexscaves:cave_map":1,"minecraft:glass_pane":48,"quark:acacia_chest":2,"minecraft:leather":1,"minecraft:iron_axe":1,"luminousworld:white_oak_plank":44,"minecraft:stone_pickaxe":2,"minecraft:lead":2,"sophisticatedbackpacks:iron_backpack":1,"minecraft:wheat":27,"minecraft:cooked_beef":2,"luminousworld:autumnplank":28,"minecraft:diamond_sword":1,"iceandfire:silver_ingot":3,"luminousworld:auburn_door":6,"minecraft:iron_sword":2,"sophisticatedbackpacks:gold_backpack":1,"minecraft:cooked_salmon":6,"securitycraft:taser":1,"minecraft:bread":12,"minecraft:air":0,"minecraft:blue_dye":1,"aether:iron_gloves":1,"minecraft:white_wool":3,"minecraft:golden_apple":2,"minecraft:gold_nugget":144,"minecraft:wooden_axe":1,"minecraft:anvil":1,"minecraft:stonecutter":1,"minecraft:white_bed":1,"minecraft:acacia_planks":60,"minecraft:torch":224},"minecraft:dropped":{"minecraft:iron_sword":1,"luminousworld:autumnplank":28,"luminousworld:yellowpetunias":1,"minecraft:glass_bottle":4,"luminousworld:white_petunias":1,"minecraft:fletching_table":2,"minecraft:leather_helmet":4,"minecraft:flint":2,"minecraft:dirt":18,"securitycraft:furnace_mine":1,"minecraft:chain":2,"minecraft:gold_nugget":48,"minecraft:furnace_minecart":2,"minecraft:iron_pickaxe":1,"quark:oak_chest":1,"minecraft:gold_ingot":1,"minecraft:bone":24,"minecraft:gravel":2,"luminousworld:white_oak_plank":31,"minecraft:cobbled_deepslate":2,"minecraft:wheat":2,"undead_revamp2:arapholia":2,"minecraft:rotten_flesh":47,"minecraft:oak_planks":10,"luminousworld:savannah_soil":2,"supplementaries:flax_seeds":6,"minecraft:leather_chestplate":4,"supplementaries:ash":59,"iceandfire:ghost_chest":1,"minecraft:skeleton_skull":1,"minecraft:charcoal":2,"minecraft:beetroot_seeds":6,"born_in_chaos_v1:corpse_maggot":1,"minecraft:leather_boots":4,"ecologics:coconut_husk":7,"minecraft:leather_leggings":11,"minecraft:arrow":1,"minecraft:scaffolding":2,"luminousworld:whiteoaklog":1,"iceandfire:manuscript":24,"minecraft:iron_ingot":1,"minecraft:water_bucket":1,"minecraft:wheat_seeds":48,"minecraft:golden_helmet":2,"luminousworld:ishstone":9,"mowziesmobs:foliaath_seed":2,"minecraft:poisonous_potato":1,"minecraft:cobblestone":8,"minecraft:spruce_stairs":2,"minecraft:coal_block":10,"minecraft:golden_apple":1,"minecraft:stick":18,"minecraft:cobweb":10,"minecraft:diorite":8,"minecraft:torch":7,"tombstone:grave_key":1,"luminousworld:savannah_ground":1,"minecraft:fire_charge":1,"minecraft:iron_leggings":3,"minecraft:oak_stairs":1,"minecraft:white_banner":1,"minecraft:iron_axe":2,"minecraft:iron_shovel":2,"minecraft:string":19,"minecraft:acacia_planks":1,"minecraft:furnace":2,"minecraft:coarse_dirt":62,"luminousworld:soft_birch_log":1,"minecraft:raw_copper":16,"minecraft:tuff":6,"born_in_chaos_v1:rotten_fish":4,"minecraft:iron_boots":3,"minecraft:smoker":2,"sophisticatedbackpacks:backpack":1,"minecraft:torchflower_seeds":2,"aether:iron_gloves":1,"luminousworld:groundpebbles_1":2,"minecraft:andesite":2,"quark:birch_ladder":1,"iceandfire:silver_ingot":1,"minecraft:oak_sapling":2,"minecraft:spider_eye":7,"luminousworld:elephant_grass":1,"minecraft:stone_pickaxe":1,"minecraft:wooden_pickaxe":2,"ecologics:seashell":2}},"DataVersion":3465}