{"stats":{"minecraft:dropped":{"minecraft:wheat_seeds":38,"minecraft:cobblestone":7,"minecraft:spruce_stairs":2,"minecraft:leather_helmet":4,"minecraft:stick":5,"minecraft:flint":2,"minecraft:dirt":18,"minecraft:torch":7,"tombstone:grave_key":1,"minecraft:fire_charge":1,"minecraft:chain":2,"minecraft:gold_nugget":48,"minecraft:acacia_planks":1,"quark:oak_chest":1,"minecraft:bone":24,"minecraft:furnace":2,"luminousworld:soft_birch_log":1,"minecraft:rotten_flesh":28,"minecraft:oak_planks":10,"minecraft:iron_boots":1,"minecraft:leather_chestplate":4,"minecraft:skeleton_skull":1,"iceandfire:silver_ingot":1,"minecraft:leather_boots":4,"minecraft:leather_leggings":11,"minecraft:wooden_pickaxe":2,"minecraft:scaffolding":2,"iceandfire:manuscript":24},"minecraft:crafted":{"minecraft:oak_planks":20,"minecraft:furnace":1,"minecraft:stone_pickaxe":1,"minecraft:wheat":27,"iceandfire:silver_ingot":3,"minecraft:crafting_table":3,"minecraft:wooden_pickaxe":2,"minecraft:birch_planks":24,"minecraft:bread":12,"minecraft:air":0,"minecraft:charcoal":5,"minecraft:shield":1,"minecraft:stick":16,"minecraft:iron_ingot":4,"minecraft:iron_pickaxe":1,"minecraft:wooden_axe":1,"minecraft:acacia_planks":20,"minecraft:torch":8,"iceandfire:silver_sword":1},"minecraft:broken":{"minecraft:wooden_axe":1},"minecraft:killed":{"minecraft:skeleton":1,"minecraft:creeper":1,"luminousworld:swamp_zombie":2,"iceandfire:ghost":3},"minecraft:used":{"iceandfire:silver_sword":62,"minecraft:armor_stand":3,"minecraft:shield":10,"minecraft:iron_chestplate":1,"minecraft:torch":1,"minecraft:dirt":10,"minecraft:granite":7,"minecraft:wooden_axe":49,"minecraft:lantern":1,"iceandfire:ghost_chest":1,"minecraft:iron_helmet":1,"minecraft:iron_boots":1,"minecraft:item_frame":2,"luminousworld:savannah_soil":21,"minecraft:furnace":5,"tombstone:gift":2,"minecraft:golden_axe":11,"minecraft:iron_leggings":1,"minecraft:water_bucket":16,"minecraft:diorite":2,"minecraft:leather_leggings":1,"minecraft:stone_pickaxe":30,"minecraft:oak_planks":3,"minecraft:leather_chestplate":1,"minecraft:wooden_pickaxe":52,"minecraft:leather_boots":1,"minecraft:crafting_table":6,"minecraft:bread":18,"minecraft:iron_pickaxe":41,"minecraft:leather_helmet":1,"minecraft:cobblestone":2,"minecraft:bucket":17,"quark:oak_chest":2,"minecraft:yellow_bed":5,"minecraft:experience_bottle":1},"minecraft:picked_up":{"minecraft:coarse_dirt":28,"minecraft:crafting_table":3,"minecraft:iron_chestplate":3,"minecraft:wheat":11,"minecraft:leather_leggings":10,"minecraft:wooden_pickaxe":3,"minecraft:enchanted_book":2,"minecraft:chain":2,"iceandfire:manuscript":24,"minecraft:iron_leggings":3,"minecraft:armor_stand":9,"minecraft:item_frame":6,"minecraft:experience_bottle":1,"minecraft:gold_nugget":48,"minecraft:rose_bush":1,"minecraft:coal_block":24,"minecraft:spruce_trapdoor":3,"minecraft:furnace":7,"minecraft:iron_boots":5,"minecraft:stick":4,"minecraft:raw_iron":8,"iceandfire:ghost_chest":2,"minecraft:torch":7,"minecraft:acacia_log":10,"minecraft:spruce_stairs":2,"luminousworld:savannah_soil":21,"minecraft:diorite":2,"minecraft:brown_carpet":2,"minecraft:rotten_flesh":28,"luminousworld:soft_birch_log":1,"minecraft:hay_block":3,"minecraft:skeleton_skull":4,"minecraft:cobblestone":20,"minecraft:birch_log":6,"minecraft:leather_chestplate":5,"minecraft:leather":4,"minecraft:flint":4,"minecraft:oak_log":5,"iceandfire:ectoplasm":5,"minecraft:yellow_bed":6,"minecraft:dirt":33,"minecraft:lantern":8,"minecraft:leather_boots":4,"minecraft:bone":24,"minecraft:acacia_planks":16,"minecraft:bow":1,"minecraft:wheat_seeds":28,"minecraft:iron_ingot":4,"minecraft:cobweb":3,"minecraft:dark_oak_sign":2,"minecraft:oak_planks":18,"minecraft:book":138,"minecraft:scaffolding":2,"quark:oak_chest":3,"minecraft:leather_helmet":3,"minecraft:iron_helmet":4,"minecraft:granite":19,"minecraft:bread":5,"iceandfire:silver_nugget":30,"minecraft:coal":1},"minecraft:killed_by":{"born_in_chaos_v1:zombie_lumberjack":1,"enemyexpansion:huntsman":1,"minecraft:zombie":1},"minecraft:custom":{"minecraft:mob_kills":9,"minecraft:interact_with_crafting_table":16,"minecraft:leave_game":1,"minecraft:time_since_death":8219,"minecraft:climb_one_cm":3961,"minecraft:sprint_one_cm":261955,"minecraft:walk_one_cm":182608,"minecraft:damage_blocked_by_shield":639,"minecraft:drop":69,"minecraft:talked_to_villager":5,"minecraft:play_time":83578,"minecraft:deaths":4,"minecraft:sneak_time":329,"minecraft:walk_under_water_one_cm":14405,"minecraft:jump":1285,"minecraft:walk_on_water_one_cm":38948,"minecraft:total_world_time":83578,"minecraft:interact_with_furnace":15,"minecraft:interact_with_loom":1,"minecraft:sleep_in_bed":7,"minecraft:time_since_rest":6031,"minecraft:damage_taken":1764,"minecraft:trigger_trapped_chest":3,"minecraft:damage_dealt":3497,"minecraft:swim_one_cm":63976,"minecraft:fly_one_cm":215852,"minecraft:open_chest":27,"minecraft:crouch_one_cm":907,"tombstone:undead_killed":6,"minecraft:fall_one_cm":21736},"minecraft:mined":{"luminousworld:yellowpetunias":1,"minecraft:mossy_cobblestone":4,"minecraft:granite":19,"minecraft:acacia_log":10,"minecraft:grass_block":5,"luminousworld:whiteoakleaves":2,"minecraft:coal_block":24,"luminousworld:savanna_grass_2":18,"minecraft:hay_block":3,"minecraft:furnace":5,"minecraft:iron_ore":7,"minecraft:bookshelf":46,"minecraft:vine":3,"minecraft:iron_bars":2,"minecraft:lantern":3,"minecraft:stone":19,"luminousworld:soft_birch_log":1,"luminousworld:savannah_soil":21,"minecraft:scaffolding":1,"quark:oak_chest":1,"minecraft:crafting_table":3,"luminousworld:savannah_grass_1":10,"iceandfire:ghost_chest":2,"minecraft:tall_grass":2,"minecraft:cobblestone":2,"minecraft:sugar_cane":1,"minecraft:oak_planks":3,"minecraft:diorite":2,"minecraft:coarse_dirt":28,"minecraft:mud":1,"minecraft:birch_log":6,"minecraft:birch_leaves":2,"minecraft:yellow_bed":5,"minecraft:grass":4,"iceandfire:silver_pile":9,"minecraft:oak_log":8,"minecraft:coal_ore":1,"minecraft:dirt":11,"minecraft:cracked_stone_bricks":1,"minecraft:stone_bricks":7,"luminousworld:elephant_grass":2,"luminousworld:savannah_grass_4":2,"minecraft:oak_leaves":8,"minecraft:fern":1}},"DataVersion":3465}