{"stats":{"minecraft:used":{"minecraft:crafting_table":1,"minecraft:wooden_pickaxe":5},"minecraft:custom":{"minecraft:time_since_rest":10,"minecraft:deaths":1,"minecraft:play_time":3951,"minecraft:sprint_one_cm":14115,"minecraft:damage_taken":235,"minecraft:walk_one_cm":4118,"minecraft:walk_under_water_one_cm":839,"minecraft:jump":62,"minecraft:damage_dealt":617,"minecraft:time_since_death":144,"minecraft:walk_on_water_one_cm":1134,"minecraft:total_world_time":3951,"minecraft:interact_with_crafting_table":1,"minecraft:swim_one_cm":4945,"minecraft:fall_one_cm":1018,"minecraft:fly_one_cm":8199},"minecraft:crafted":{"minecraft:birch_planks":24,"minecraft:crafting_table":1,"minecraft:stick":4,"minecraft:wooden_pickaxe":1},"minecraft:picked_up":{"minecraft:birch_log":6,"minecraft:wooden_pickaxe":1,"minecraft:coal":1},"minecraft:mined":{"minecraft:oak_log":1,"minecraft:coal_ore":1,"minecraft:birch_log":6}},"DataVersion":3465}