{"stats":{"minecraft:used":{"minecraft:diorite":2,"minecraft:leather_leggings":1,"minecraft:armor_stand":3,"minecraft:stone_pickaxe":26,"minecraft:oak_planks":2,"minecraft:wooden_pickaxe":50,"minecraft:leather_chestplate":1,"minecraft:leather_boots":1,"minecraft:torch":1,"minecraft:crafting_table":3,"minecraft:granite":7,"minecraft:wooden_axe":49,"minecraft:bread":4,"minecraft:leather_helmet":1,"minecraft:iron_boots":1,"minecraft:item_frame":2,"minecraft:cobblestone":2,"luminousworld:savannah_soil":10,"minecraft:furnace":1,"tombstone:gift":2,"minecraft:yellow_bed":2,"minecraft:golden_axe":2},"minecraft:custom":{"minecraft:interact_with_furnace":5,"minecraft:interact_with_crafting_table":5,"minecraft:time_since_death":24144,"minecraft:sleep_in_bed":4,"minecraft:climb_one_cm":2454,"minecraft:time_since_rest":0,"minecraft:sprint_one_cm":79480,"minecraft:damage_taken":442,"minecraft:walk_one_cm":63444,"minecraft:drop":17,"minecraft:damage_dealt":617,"minecraft:swim_one_cm":6902,"minecraft:talked_to_villager":1,"minecraft:fly_one_cm":51414,"minecraft:open_chest":4,"minecraft:crouch_one_cm":76,"minecraft:play_time":27951,"minecraft:deaths":1,"minecraft:sneak_time":24,"minecraft:walk_under_water_one_cm":1283,"minecraft:jump":320,"minecraft:walk_on_water_one_cm":2396,"minecraft:total_world_time":27951,"minecraft:fall_one_cm":6042},"minecraft:broken":{"minecraft:wooden_axe":1},"minecraft:crafted":{"minecraft:oak_planks":20,"minecraft:crafting_table":3,"minecraft:wooden_pickaxe":2,"minecraft:furnace":1,"minecraft:birch_planks":24,"minecraft:air":0,"minecraft:charcoal":5,"minecraft:stick":12,"minecraft:stone_pickaxe":1,"minecraft:wooden_axe":1,"minecraft:acacia_planks":20,"minecraft:torch":8,"minecraft:wheat":27},"minecraft:picked_up":{"minecraft:birch_log":6,"minecraft:crafting_table":1,"minecraft:leather_chestplate":3,"minecraft:leather_leggings":3,"minecraft:leather":4,"minecraft:wooden_pickaxe":2,"minecraft:oak_log":5,"minecraft:yellow_bed":2,"minecraft:lantern":7,"minecraft:armor_stand":5,"minecraft:leather_boots":4,"minecraft:item_frame":5,"minecraft:experience_bottle":1,"minecraft:acacia_planks":16,"minecraft:dark_oak_sign":2,"minecraft:coal_block":24,"minecraft:oak_planks":7,"minecraft:spruce_trapdoor":3,"minecraft:iron_boots":1,"minecraft:furnace":2,"minecraft:book":138,"minecraft:scaffolding":1,"minecraft:raw_iron":2,"minecraft:acacia_log":10,"minecraft:spruce_stairs":2,"luminousworld:savannah_soil":10,"minecraft:diorite":2,"quark:oak_chest":2,"minecraft:leather_helmet":3,"minecraft:brown_carpet":2,"minecraft:hay_block":3,"minecraft:granite":19,"iceandfire:silver_nugget":10,"minecraft:coal":1,"minecraft:cobblestone":14},"minecraft:mined":{"luminousworld:savannah_soil":10,"quark:oak_chest":1,"minecraft:crafting_table":1,"minecraft:granite":19,"minecraft:acacia_log":10,"minecraft:coal_block":24,"minecraft:cobblestone":1,"minecraft:oak_planks":2,"minecraft:diorite":2,"minecraft:hay_block":3,"minecraft:furnace":2,"minecraft:iron_ore":2,"minecraft:birch_log":6,"minecraft:yellow_bed":2,"minecraft:bookshelf":46,"minecraft:oak_log":5,"minecraft:coal_ore":1,"iceandfire:silver_pile":3,"minecraft:lantern":3,"minecraft:dirt":1,"minecraft:stone_bricks":1,"minecraft:stone":12,"minecraft:oak_leaves":1},"minecraft:dropped":{"minecraft:cobblestone":1,"minecraft:leather_helmet":3,"minecraft:leather_chestplate":3,"tombstone:grave_key":1,"minecraft:leather_boots":4,"minecraft:fire_charge":1,"minecraft:leather_leggings":3,"minecraft:wooden_pickaxe":1}},"DataVersion":3465}