{"stats":{"minecraft:crafted":{"securitycraft:furnace_mine":1,"minecraft:oak_planks":36,"minecraft:coal":36,"minecraft:furnace":2,"minecraft:stone":140,"quark:acacia_chest":1,"minecraft:iron_axe":1,"luminousworld:white_oak_plank":44,"minecraft:stone_pickaxe":2,"minecraft:stone_bricks":140,"minecraft:wheat":27,"iceandfire:silver_ingot":3,"minecraft:crafting_table":4,"minecraft:wooden_pickaxe":2,"minecraft:birch_planks":24,"minecraft:bread":12,"minecraft:air":0,"minecraft:white_wool":3,"minecraft:charcoal":5,"minecraft:shield":1,"minecraft:stick":44,"minecraft:iron_ingot":8,"minecraft:iron_pickaxe":1,"minecraft:wooden_axe":1,"minecraft:white_bed":1,"minecraft:acacia_planks":52,"minecraft:torch":96,"iceandfire:silver_sword":1},"minecraft:dropped":{"minecraft:water_bucket":1,"minecraft:wheat_seeds":38,"minecraft:cobblestone":7,"minecraft:spruce_stairs":2,"minecraft:leather_helmet":4,"minecraft:stick":5,"minecraft:flint":2,"minecraft:dirt":18,"minecraft:torch":7,"tombstone:grave_key":1,"securitycraft:furnace_mine":1,"minecraft:fire_charge":1,"minecraft:chain":2,"minecraft:gold_nugget":48,"minecraft:acacia_planks":1,"quark:oak_chest":1,"minecraft:bone":24,"minecraft:furnace":2,"luminousworld:soft_birch_log":1,"minecraft:rotten_flesh":28,"minecraft:oak_planks":10,"minecraft:iron_boots":1,"minecraft:leather_chestplate":4,"iceandfire:ghost_chest":1,"minecraft:skeleton_skull":1,"iceandfire:silver_ingot":1,"minecraft:leather_boots":4,"minecraft:leather_leggings":11,"minecraft:wooden_pickaxe":2,"minecraft:scaffolding":2,"iceandfire:manuscript":24},"minecraft:broken":{"minecraft:wooden_pickaxe":1,"minecraft:stone_pickaxe":1,"minecraft:iron_pickaxe":1,"minecraft:wooden_axe":1},"minecraft:killed":{"minecraft:skeleton":1,"luminousworld:ringlet":1,"undead_revamp2:thebeartamer":1,"minecraft:creeper":1,"undead_revamp2:thesomnolence":3,"born_in_chaos_v1:dread_hound":1,"luminousworld:swamp_zombie":2,"iceandfire:ghost":4,"born_in_chaos_v1:corpse_fly":4,"creeperoverhaul:savannah_creeper":1,"enemyexpansion:wasp":1},"minecraft:used":{"iceandfire:silver_sword":145,"minecraft:armor_stand":3,"minecraft:shield":24,"minecraft:iron_chestplate":1,"minecraft:torch":43,"minecraft:dirt":10,"minecraft:granite":7,"minecraft:wooden_axe":49,"minecraft:lantern":1,"minecraft:iron_axe":37,"iceandfire:ghost_chest":1,"minecraft:iron_helmet":1,"minecraft:iron_boots":1,"minecraft:stone_bricks":142,"minecraft:item_frame":2,"luminousworld:savannah_soil":26,"minecraft:furnace":6,"tombstone:gift":2,"minecraft:golden_axe":11,"minecraft:iron_leggings":1,"minecraft:water_bucket":23,"minecraft:diorite":2,"minecraft:leather_leggings":1,"minecraft:stone_pickaxe":190,"minecraft:oak_planks":3,"minecraft:leather_chestplate":1,"minecraft:wooden_pickaxe":64,"minecraft:leather_boots":1,"minecraft:crafting_table":7,"quark:acacia_chest":1,"minecraft:bread":33,"minecraft:iron_pickaxe":252,"minecraft:leather_helmet":1,"minecraft:cobblestone":18,"minecraft:bucket":25,"quark:oak_chest":2,"minecraft:yellow_bed":5,"minecraft:coarse_dirt":20,"minecraft:cobweb":9,"minecraft:experience_bottle":1},"minecraft:picked_up":{"undead_revamp2:bostroxingot":1,"minecraft:coarse_dirt":36,"minecraft:crafting_table":4,"minecraft:iron_chestplate":3,"minecraft:wheat":11,"minecraft:chainmail_boots":1,"minecraft:leather_leggings":10,"minecraft:wooden_pickaxe":3,"minecraft:enchanted_book":2,"minecraft:chain":2,"iceandfire:manuscript":24,"minecraft:string":12,"minecraft:iron_leggings":3,"minecraft:armor_stand":9,"minecraft:item_frame":6,"minecraft:experience_bottle":1,"minecraft:gold_nugget":48,"minecraft:cobbled_deepslate":23,"minecraft:rose_bush":1,"minecraft:coal_block":24,"minecraft:spruce_trapdoor":3,"minecraft:furnace":8,"minecraft:iron_boots":5,"minecraft:stick":4,"minecraft:raw_iron":11,"iceandfire:ghost_chest":3,"minecraft:torch":9,"minecraft:acacia_log":20,"minecraft:spruce_stairs":2,"luminousworld:savannah_soil":33,"minecraft:diorite":11,"minecraft:brown_carpet":2,"minecraft:arrow":1,"minecraft:rotten_flesh":35,"luminousworld:soft_birch_log":1,"minecraft:hay_block":3,"minecraft:skeleton_skull":4,"minecraft:cobblestone":352,"minecraft:birch_log":6,"born_in_chaos_v1:corpse_maggot":4,"minecraft:leather_chestplate":5,"born_in_chaos_v1:monster_flesh":1,"minecraft:water_bucket":1,"minecraft:andesite":4,"luminousworld:ishstone":9,"minecraft:leather":4,"minecraft:flint":4,"minecraft:oak_log":9,"iceandfire:ectoplasm":5,"minecraft:yellow_bed":6,"minecraft:lapis_lazuli":20,"minecraft:dirt":34,"minecraft:lantern":8,"minecraft:leather_boots":4,"minecraft:bone":26,"minecraft:acacia_planks":16,"minecraft:stone_bricks":2,"minecraft:bow":1,"minecraft:wheat_seeds":28,"minecraft:iron_ingot":4,"minecraft:cobweb":3,"minecraft:dark_oak_sign":2,"minecraft:oak_planks":18,"minecraft:book":138,"minecraft:scaffolding":2,"securitycraft:mine":1,"minecraft:gravel":2,"quark:oak_chest":3,"minecraft:leather_helmet":3,"luminousworld:whiteoaklog":11,"minecraft:iron_helmet":4,"minecraft:granite":19,"minecraft:emerald":2,"minecraft:bread":5,"iceandfire:silver_nugget":30,"minecraft:coal":36},"minecraft:killed_by":{"born_in_chaos_v1:zombie_lumberjack":1,"enemyexpansion:huntsman":1,"minecraft:zombie":1,"born_in_chaos_v1:maggot":1},"minecraft:custom":{"minecraft:mob_kills":28,"minecraft:interact_with_crafting_table":27,"minecraft:damage_dealt_resisted":50,"minecraft:leave_game":1,"minecraft:time_since_death":16945,"minecraft:climb_one_cm":3961,"minecraft:sprint_one_cm":322021,"minecraft:walk_one_cm":323179,"minecraft:damage_blocked_by_shield":1284,"minecraft:drop":72,"minecraft:talked_to_villager":5,"minecraft:play_time":137578,"minecraft:deaths":5,"minecraft:sneak_time":4830,"minecraft:walk_under_water_one_cm":49544,"minecraft:jump":1716,"minecraft:walk_on_water_one_cm":54063,"minecraft:total_world_time":137578,"minecraft:interact_with_furnace":89,"minecraft:interact_with_loom":1,"minecraft:sleep_in_bed":11,"minecraft:time_since_rest":13546,"minecraft:damage_taken":2724,"minecraft:trigger_trapped_chest":4,"minecraft:damage_dealt":7669,"minecraft:swim_one_cm":73638,"minecraft:fly_one_cm":253213,"minecraft:open_chest":60,"minecraft:crouch_one_cm":14760,"tombstone:undead_killed":8,"minecraft:fall_one_cm":33489},"minecraft:mined":{"luminousworld:yellowpetunias":1,"minecraft:mossy_cobblestone":4,"minecraft:granite":19,"minecraft:acacia_log":19,"minecraft:grass_block":6,"luminousworld:whiteoakleaves":4,"minecraft:coal_block":24,"luminousworld:savanna_grass_2":18,"minecraft:hay_block":3,"minecraft:furnace":6,"minecraft:iron_ore":10,"minecraft:andesite":4,"minecraft:deepslate_lapis_ore":1,"minecraft:bookshelf":46,"minecraft:vine":3,"minecraft:iron_bars":2,"minecraft:lantern":3,"minecraft:stone":293,"luminousworld:soft_birch_log":1,"luminousworld:savannah_soil":40,"minecraft:scaffolding":1,"quark:oak_chest":1,"minecraft:crafting_table":4,"luminousworld:savannah_grass_1":10,"minecraft:emerald_ore":2,"iceandfire:ghost_chest":3,"minecraft:tall_grass":2,"minecraft:cobblestone":5,"minecraft:lapis_ore":2,"minecraft:sugar_cane":1,"minecraft:oak_planks":3,"minecraft:diorite":11,"minecraft:wall_torch":2,"luminousworld:whiteoaklog":11,"minecraft:coarse_dirt":36,"minecraft:mud":1,"minecraft:birch_log":6,"minecraft:birch_leaves":2,"minecraft:yellow_bed":5,"minecraft:grass":4,"iceandfire:silver_pile":9,"minecraft:oak_log":12,"minecraft:coal_ore":37,"luminousworld:ishstone":9,"minecraft:gravel":2,"minecraft:dirt":11,"minecraft:cobweb":9,"minecraft:cracked_stone_bricks":1,"minecraft:stone_bricks":9,"luminousworld:elephant_grass":2,"luminousworld:savannah_grass_4":2,"minecraft:deepslate":26,"minecraft:oak_leaves":11,"minecraft:fern":1}},"DataVersion":3465}