{"stats":{"minecraft:dropped":{"minecraft:glass_bottle":4,"minecraft:fletching_table":2,"minecraft:leather_helmet":4,"minecraft:flint":2,"minecraft:dirt":18,"securitycraft:furnace_mine":1,"minecraft:chain":2,"minecraft:gold_nugget":48,"minecraft:furnace_minecart":2,"quark:oak_chest":1,"minecraft:gold_ingot":1,"minecraft:bone":24,"minecraft:gravel":2,"luminousworld:white_oak_plank":31,"minecraft:rotten_flesh":40,"minecraft:oak_planks":10,"luminousworld:savannah_soil":1,"minecraft:leather_chestplate":4,"supplementaries:flax_seeds":2,"supplementaries:ash":46,"iceandfire:ghost_chest":1,"minecraft:skeleton_skull":1,"minecraft:charcoal":2,"minecraft:leather_boots":4,"minecraft:leather_leggings":11,"minecraft:arrow":1,"minecraft:scaffolding":2,"iceandfire:manuscript":24,"minecraft:water_bucket":1,"minecraft:iron_ingot":1,"minecraft:wheat_seeds":38,"minecraft:golden_helmet":2,"luminousworld:ishstone":9,"minecraft:cobblestone":7,"minecraft:spruce_stairs":2,"minecraft:golden_apple":1,"minecraft:coal_block":10,"minecraft:stick":5,"minecraft:torch":7,"tombstone:grave_key":1,"minecraft:fire_charge":1,"minecraft:iron_leggings":1,"minecraft:iron_axe":1,"minecraft:iron_shovel":2,"minecraft:string":19,"minecraft:acacia_planks":1,"minecraft:furnace":2,"minecraft:coarse_dirt":18,"luminousworld:soft_birch_log":1,"minecraft:raw_copper":16,"minecraft:tuff":6,"born_in_chaos_v1:rotten_fish":2,"minecraft:iron_boots":3,"minecraft:smoker":2,"aether:iron_gloves":1,"iceandfire:silver_ingot":1,"minecraft:spider_eye":6,"minecraft:stone_pickaxe":1,"minecraft:wooden_pickaxe":2},"minecraft:crafted":{"minecraft:oak_planks":36,"minecraft:stone":140,"minecraft:stone_bricks":140,"minecraft:crafting_table":5,"minecraft:wooden_pickaxe":2,"minecraft:birch_planks":24,"minecraft:charcoal":5,"minecraft:shield":2,"minecraft:stick":76,"minecraft:iron_ingot":15,"minecraft:iron_pickaxe":1,"iceandfire:silver_sword":1,"securitycraft:furnace_mine":1,"minecraft:coal":63,"minecraft:furnace":3,"quark:acacia_chest":2,"minecraft:iron_axe":1,"luminousworld:white_oak_plank":44,"minecraft:stone_pickaxe":2,"minecraft:wheat":27,"iceandfire:silver_ingot":3,"minecraft:cooked_salmon":6,"minecraft:bread":12,"minecraft:air":0,"aether:iron_gloves":1,"minecraft:white_wool":3,"minecraft:wooden_axe":1,"minecraft:white_bed":1,"minecraft:acacia_planks":60,"minecraft:torch":224},"minecraft:broken":{"minecraft:stone_pickaxe":1,"minecraft:wooden_axe":1,"minecraft:wooden_pickaxe":1,"minecraft:shield":1,"minecraft:iron_pickaxe":1},"minecraft:killed":{"born_in_chaos_v1:restless_spirit":1,"minecraft:spider":2,"born_in_chaos_v1:siamese_skeletonsright":1,"minecraft:skeleton":3,"luminousworld:ringlet":1,"undead_revamp2:thepregnant":1,"enemyexpansion:vampflyer":1,"undead_revamp2:thebeartamer":1,"minecraft:creeper":1,"minecraft:zombie":1,"born_in_chaos_v1:dread_hound":1,"enemyexpansion:vampire":2,"born_in_chaos_v1:corpse_fly":11,"born_in_chaos_v1:door_knight":1,"born_in_chaos_v1:siamese_skeletonsleft":1,"enemyexpansion:wasp":1,"undead_revamp2:thegliter":2,"minecraft:slime":13,"enemyexpansion:direwolf":1,"born_in_chaos_v1:maggot":2,"luminousworld:swamp_skeleton":2,"born_in_chaos_v1:corpse_fish":1,"born_in_chaos_v1:decrepit_skeleton":1,"undead_revamp2:thesomnolence":3,"luminousworld:swamp_zombie":2,"iceandfire:ghost":4,"enemyexpansion:huntsman":1,"creeperoverhaul:savannah_creeper":1},"minecraft:used":{"minecraft:shield":56,"minecraft:rotten_flesh":3,"minecraft:iron_chestplate":1,"born_in_chaos_v1:corpse_maggot":12,"minecraft:lantern":1,"minecraft:iron_helmet":1,"iceandfire:ghost_chest":1,"minecraft:stone_bricks":142,"minecraft:item_frame":2,"minecraft:furnace":7,"minecraft:diorite":2,"minecraft:leather_leggings":1,"minecraft:stone_pickaxe":216,"minecraft:oak_planks":3,"minecraft:leather_chestplate":1,"minecraft:wooden_pickaxe":64,"minecraft:cookie":5,"minecraft:golden_apple":3,"minecraft:bread":40,"born_in_chaos_v1:rotten_fish":1,"minecraft:coarse_dirt":20,"minecraft:golden_pickaxe":6,"minecraft:experience_bottle":1,"minecraft:cobweb":9,"iceandfire:silver_sword":375,"minecraft:armor_stand":3,"minecraft:cooked_salmon":6,"minecraft:torch":188,"minecraft:dirt":10,"minecraft:granite":7,"minecraft:wooden_axe":49,"minecraft:iron_axe":43,"minecraft:iron_boots":1,"alexscaves:spelunkery_table":1,"luminousworld:savannah_soil":26,"tombstone:gift":2,"minecraft:golden_axe":11,"minecraft:iron_leggings":1,"minecraft:water_bucket":36,"minecraft:leather_boots":1,"minecraft:crafting_table":9,"quark:acacia_chest":2,"minecraft:white_bed":3,"minecraft:iron_pickaxe":339,"minecraft:leather_helmet":1,"minecraft:cobblestone":18,"minecraft:bucket":38,"minecraft:yellow_bed":5,"quark:oak_chest":2},"minecraft:picked_up":{"minecraft:iron_chestplate":3,"minecraft:wheat":11,"minecraft:chainmail_boots":1,"aether:iron_gloves":1,"minecraft:enchanted_book":2,"iceandfire:manuscript":24,"minecraft:string":40,"minecraft:raw_copper":16,"minecraft:iron_leggings":5,"minecraft:armor_stand":9,"minecraft:experience_bottle":1,"minecraft:gold_nugget":48,"minecraft:cobbled_deepslate":53,"minecraft:rose_bush":1,"minecraft:coal_block":38,"minecraft:furnace":8,"minecraft:iron_boots":6,"minecraft:golden_helmet":2,"minecraft:stick":4,"iceandfire:ghost_chest":3,"minecraft:torch":14,"minecraft:acacia_log":20,"minecraft:spruce_stairs":2,"luminousworld:savannah_soil":34,"tombstone:grave_dust":2,"minecraft:diorite":11,"minecraft:brown_carpet":2,"minecraft:rotten_flesh":49,"luminousworld:soft_birch_log":1,"artifacts:villager_hat":1,"supplementaries:ash":48,"minecraft:cobblestone":428,"minecraft:birch_log":6,"minecraft:furnace_minecart":2,"minecraft:leather_chestplate":5,"minecraft:water_bucket":1,"minecraft:andesite":4,"minecraft:smoker":2,"minecraft:flint":4,"minecraft:tuff":6,"supplementaries:flax_seeds":2,"minecraft:lapis_lazuli":34,"minecraft:dirt":34,"minecraft:lantern":8,"minecraft:leather_boots":4,"minecraft:bone":28,"minecraft:acacia_planks":16,"minecraft:bow":1,"minecraft:wheat_seeds":28,"minecraft:raw_gold":61,"minecraft:dark_oak_sign":2,"minecraft:mossy_stone_bricks":1,"minecraft:fletching_table":2,"minecraft:oak_planks":21,"securitycraft:mine":1,"minecraft:diamond":2,"minecraft:granite":19,"minecraft:golden_apple":1,"minecraft:emerald":4,"minecraft:bread":5,"born_in_chaos_v1:rotten_fish":3,"iceandfire:silver_nugget":30,"undead_revamp2:bostroxingot":2,"minecraft:charcoal":2,"minecraft:crafting_table":4,"minecraft:coarse_dirt":54,"minecraft:leather_leggings":10,"minecraft:golden_pickaxe":1,"minecraft:wooden_pickaxe":3,"minecraft:chain":2,"minecraft:iron_axe":3,"minecraft:item_frame":6,"minecraft:iron_shovel":4,"luminousworld:white_oak_plank":31,"minecraft:spruce_trapdoor":3,"minecraft:raw_iron":13,"minecraft:cookie":5,"minecraft:carrot":1,"minecraft:arrow":2,"minecraft:hay_block":3,"alexscaves:spelunkery_table":1,"minecraft:gold_ingot":1,"minecraft:glow_berries":1,"minecraft:skeleton_skull":4,"minecraft:rail":3,"born_in_chaos_v1:fused_bone":2,"born_in_chaos_v1:corpse_maggot":13,"born_in_chaos_v1:monster_flesh":1,"luminousworld:ishstone":9,"minecraft:leather":4,"minecraft:oak_log":9,"iceandfire:ectoplasm":5,"minecraft:golden_boots":1,"minecraft:yellow_bed":6,"minecraft:gunpowder":7,"minecraft:stone_bricks":2,"minecraft:iron_ingot":5,"minecraft:cobweb":3,"minecraft:glass_bottle":4,"minecraft:book":141,"minecraft:scaffolding":2,"minecraft:gravel":2,"minecraft:amethyst_shard":16,"minecraft:white_bed":3,"quark:oak_chest":3,"minecraft:spider_eye":1,"minecraft:leather_helmet":3,"luminousworld:whiteoaklog":11,"minecraft:slime_ball":17,"iceandfire:silver_sword":1,"minecraft:iron_helmet":4,"minecraft:coal":93},"minecraft:killed_by":{"enemyexpansion:huntsman":1,"minecraft:zombie":1,"enemyexpansion:invisicreeper":2,"born_in_chaos_v1:zombie_lumberjack":1,"born_in_chaos_v1:maggot":1},"minecraft:custom":{"minecraft:interact_with_crafting_table":37,"minecraft:open_barrel":8,"minecraft:leave_game":2,"minecraft:time_since_death":7644,"minecraft:sprint_one_cm":522056,"minecraft:damage_blocked_by_shield":3174,"minecraft:drop":124,"minecraft:talked_to_villager":5,"minecraft:play_time":207271,"minecraft:deaths":8,"minecraft:jump":2693,"minecraft:walk_on_water_one_cm":97236,"minecraft:interact_with_furnace":108,"minecraft:interact_with_cartography_table":1,"minecraft:interact_with_loom":4,"minecraft:sleep_in_bed":14,"minecraft:damage_dealt":18443,"minecraft:crouch_one_cm":15406,"tombstone:undead_killed":24,"minecraft:mob_kills":90,"minecraft:damage_dealt_resisted":324,"minecraft:climb_one_cm":11082,"minecraft:walk_one_cm":532830,"minecraft:sneak_time":4981,"minecraft:walk_under_water_one_cm":55135,"minecraft:interact_with_blast_furnace":1,"minecraft:total_world_time":207271,"minecraft:time_since_rest":1245,"minecraft:damage_taken":4963,"minecraft:damage_absorbed":120,"minecraft:trigger_trapped_chest":4,"minecraft:swim_one_cm":74693,"minecraft:fly_one_cm":375373,"minecraft:open_chest":87,"minecraft:fall_one_cm":42095},"minecraft:mined":{"minecraft:white_bed":1,"luminousworld:yellowpetunias":1,"minecraft:granite":19,"minecraft:acacia_log":19,"minecraft:grass_block":6,"minecraft:coal_block":24,"luminousworld:savanna_grass_2":18,"minecraft:iron_ore":10,"minecraft:cobbled_deepslate":2,"minecraft:deepslate_lapis_ore":3,"minecraft:iron_bars":2,"minecraft:amethyst_cluster":4,"iceandfire:ghost_chest":3,"minecraft:cobblestone":17,"minecraft:sugar_cane":1,"minecraft:oak_planks":3,"minecraft:wall_torch":2,"minecraft:mud":1,"minecraft:birch_log":6,"minecraft:grass":4,"minecraft:oak_log":12,"minecraft:dirt":11,"luminousworld:savannah_grass_4":2,"minecraft:oak_leaves":11,"minecraft:deepslate":50,"alexscaves:spelunkery_table":1,"minecraft:tuff":4,"minecraft:mossy_cobblestone":4,"minecraft:deepslate_diamond_ore":2,"luminousworld:whiteoakleaves":4,"minecraft:hay_block":3,"minecraft:furnace":6,"minecraft:andesite":4,"minecraft:bookshelf":47,"minecraft:vine":5,"minecraft:deepslate_iron_ore":2,"minecraft:lantern":3,"minecraft:stone":293,"luminousworld:soft_birch_log":1,"luminousworld:savannah_soil":41,"minecraft:scaffolding":1,"quark:oak_chest":1,"minecraft:crafting_table":4,"luminousworld:savannah_grass_1":10,"minecraft:emerald_ore":2,"minecraft:tall_grass":2,"minecraft:lapis_ore":2,"minecraft:deepslate_gold_ore":20,"minecraft:diorite":11,"supplementaries:urn":13,"luminousworld:whiteoaklog":11,"minecraft:coarse_dirt":38,"minecraft:birch_leaves":2,"minecraft:yellow_bed":5,"minecraft:coal_ore":37,"iceandfire:silver_pile":9,"luminousworld:ishstone":9,"minecraft:gravel":7,"minecraft:cobweb":12,"minecraft:cracked_stone_bricks":1,"minecraft:stone_bricks":9,"luminousworld:elephant_grass":2,"minecraft:mossy_stone_bricks":1,"minecraft:gold_ore":40,"minecraft:fern":1}},"DataVersion":3465}