{"stats":{"minecraft:crafted":{"minecraft:oak_planks":36,"securitycraft:furnace_mine":1,"minecraft:coal":63,"minecraft:furnace":2,"minecraft:stone":140,"quark:acacia_chest":2,"minecraft:iron_axe":1,"luminousworld:white_oak_plank":44,"minecraft:stone_pickaxe":2,"minecraft:stone_bricks":140,"minecraft:wheat":27,"iceandfire:silver_ingot":3,"minecraft:crafting_table":4,"minecraft:wooden_pickaxe":2,"minecraft:birch_planks":24,"minecraft:bread":12,"minecraft:air":0,"minecraft:white_wool":3,"minecraft:shield":1,"minecraft:charcoal":5,"minecraft:stick":56,"minecraft:iron_ingot":8,"minecraft:iron_pickaxe":1,"minecraft:wooden_axe":1,"minecraft:white_bed":1,"minecraft:torch":144,"minecraft:acacia_planks":60,"iceandfire:silver_sword":1},"minecraft:dropped":{"minecraft:water_bucket":1,"minecraft:wheat_seeds":38,"luminousworld:ishstone":9,"minecraft:glass_bottle":4,"minecraft:cobblestone":7,"minecraft:fletching_table":2,"minecraft:spruce_stairs":2,"minecraft:golden_apple":1,"minecraft:leather_helmet":4,"minecraft:coal_block":2,"minecraft:flint":2,"minecraft:stick":5,"minecraft:dirt":18,"minecraft:torch":7,"tombstone:grave_key":1,"securitycraft:furnace_mine":1,"minecraft:fire_charge":1,"minecraft:iron_leggings":1,"minecraft:chain":2,"minecraft:gold_nugget":48,"minecraft:string":19,"minecraft:gold_ingot":1,"quark:oak_chest":1,"minecraft:acacia_planks":1,"minecraft:bone":24,"minecraft:gravel":2,"minecraft:furnace":2,"minecraft:coarse_dirt":16,"luminousworld:soft_birch_log":1,"minecraft:raw_copper":16,"born_in_chaos_v1:rotten_fish":2,"minecraft:rotten_flesh":38,"minecraft:oak_planks":10,"minecraft:iron_boots":1,"minecraft:smoker":2,"supplementaries:flax_seeds":2,"minecraft:leather_chestplate":4,"supplementaries:ash":21,"iceandfire:ghost_chest":1,"aether:iron_gloves":1,"minecraft:skeleton_skull":1,"minecraft:charcoal":2,"iceandfire:silver_ingot":1,"minecraft:leather_boots":4,"minecraft:leather_leggings":11,"minecraft:spider_eye":6,"minecraft:arrow":1,"minecraft:wooden_pickaxe":2,"minecraft:scaffolding":2,"iceandfire:manuscript":24},"minecraft:broken":{"minecraft:wooden_pickaxe":1,"minecraft:stone_pickaxe":1,"minecraft:shield":1,"minecraft:iron_pickaxe":1,"minecraft:wooden_axe":1},"minecraft:killed":{"born_in_chaos_v1:restless_spirit":1,"undead_revamp2:thegliter":1,"minecraft:spider":1,"born_in_chaos_v1:siamese_skeletonsright":1,"minecraft:skeleton":2,"luminousworld:ringlet":1,"luminousworld:swamp_skeleton":1,"born_in_chaos_v1:corpse_fish":1,"undead_revamp2:thepregnant":1,"enemyexpansion:vampflyer":1,"undead_revamp2:thebeartamer":1,"minecraft:creeper":1,"born_in_chaos_v1:decrepit_skeleton":1,"undead_revamp2:thesomnolence":3,"iceandfire:ghost":4,"luminousworld:swamp_zombie":2,"born_in_chaos_v1:dread_hound":1,"enemyexpansion:vampire":2,"born_in_chaos_v1:corpse_fly":11,"enemyexpansion:huntsman":1,"creeperoverhaul:savannah_creeper":1,"enemyexpansion:wasp":1,"born_in_chaos_v1:siamese_skeletonsleft":1},"minecraft:used":{"iceandfire:silver_sword":260,"minecraft:armor_stand":3,"minecraft:shield":53,"minecraft:rotten_flesh":3,"minecraft:iron_chestplate":1,"minecraft:torch":144,"minecraft:dirt":10,"minecraft:granite":7,"born_in_chaos_v1:corpse_maggot":12,"minecraft:wooden_axe":49,"minecraft:lantern":1,"minecraft:iron_axe":39,"iceandfire:ghost_chest":1,"minecraft:iron_helmet":1,"minecraft:iron_boots":1,"minecraft:stone_bricks":142,"minecraft:item_frame":2,"luminousworld:savannah_soil":26,"minecraft:furnace":6,"tombstone:gift":2,"minecraft:golden_axe":11,"minecraft:iron_leggings":1,"minecraft:water_bucket":25,"minecraft:diorite":2,"minecraft:leather_leggings":1,"minecraft:stone_pickaxe":216,"minecraft:oak_planks":3,"minecraft:wooden_pickaxe":64,"minecraft:leather_chestplate":1,"minecraft:leather_boots":1,"minecraft:golden_apple":2,"minecraft:crafting_table":8,"quark:acacia_chest":2,"minecraft:white_bed":2,"minecraft:iron_pickaxe":338,"minecraft:bread":40,"minecraft:leather_helmet":1,"minecraft:cobblestone":18,"born_in_chaos_v1:rotten_fish":1,"minecraft:golden_pickaxe":6,"minecraft:bucket":27,"quark:oak_chest":2,"minecraft:yellow_bed":5,"minecraft:coarse_dirt":20,"minecraft:cobweb":9,"minecraft:experience_bottle":1},"minecraft:picked_up":{"minecraft:charcoal":2,"undead_revamp2:bostroxingot":1,"minecraft:coarse_dirt":52,"minecraft:crafting_table":4,"minecraft:iron_chestplate":3,"minecraft:wheat":11,"minecraft:chainmail_boots":1,"minecraft:golden_pickaxe":1,"minecraft:leather_leggings":10,"aether:iron_gloves":1,"minecraft:wooden_pickaxe":3,"minecraft:enchanted_book":2,"minecraft:chain":2,"iceandfire:manuscript":24,"minecraft:string":40,"minecraft:iron_axe":1,"minecraft:raw_copper":16,"minecraft:iron_leggings":4,"minecraft:item_frame":6,"minecraft:armor_stand":9,"minecraft:iron_shovel":1,"minecraft:experience_bottle":1,"minecraft:gold_nugget":48,"minecraft:cobbled_deepslate":53,"minecraft:rose_bush":1,"minecraft:coal_block":28,"minecraft:spruce_trapdoor":3,"minecraft:iron_boots":5,"minecraft:furnace":8,"minecraft:stick":4,"minecraft:raw_iron":13,"iceandfire:ghost_chest":3,"minecraft:torch":12,"minecraft:acacia_log":20,"minecraft:spruce_stairs":2,"luminousworld:savannah_soil":33,"minecraft:diorite":11,"minecraft:brown_carpet":2,"minecraft:arrow":2,"minecraft:rotten_flesh":43,"luminousworld:soft_birch_log":1,"minecraft:hay_block":3,"alexscaves:spelunkery_table":1,"minecraft:gold_ingot":1,"supplementaries:ash":44,"minecraft:rail":3,"minecraft:glow_berries":1,"minecraft:skeleton_skull":4,"minecraft:cobblestone":428,"born_in_chaos_v1:fused_bone":2,"minecraft:birch_log":6,"born_in_chaos_v1:corpse_maggot":12,"minecraft:leather_chestplate":5,"born_in_chaos_v1:monster_flesh":1,"minecraft:water_bucket":1,"minecraft:andesite":4,"luminousworld:ishstone":9,"minecraft:leather":4,"minecraft:smoker":2,"minecraft:flint":4,"supplementaries:flax_seeds":2,"minecraft:oak_log":9,"iceandfire:ectoplasm":5,"minecraft:yellow_bed":6,"minecraft:gunpowder":6,"minecraft:lapis_lazuli":34,"minecraft:dirt":34,"minecraft:lantern":8,"minecraft:leather_boots":4,"minecraft:bone":28,"minecraft:acacia_planks":16,"minecraft:stone_bricks":2,"minecraft:bow":1,"minecraft:wheat_seeds":28,"minecraft:raw_gold":61,"minecraft:iron_ingot":4,"minecraft:dark_oak_sign":2,"minecraft:cobweb":3,"minecraft:fletching_table":2,"minecraft:mossy_stone_bricks":1,"minecraft:glass_bottle":4,"minecraft:oak_planks":21,"minecraft:book":141,"minecraft:scaffolding":2,"securitycraft:mine":1,"minecraft:gravel":2,"minecraft:amethyst_shard":16,"minecraft:white_bed":2,"minecraft:spider_eye":1,"quark:oak_chest":3,"minecraft:leather_helmet":3,"luminousworld:whiteoaklog":11,"minecraft:slime_ball":5,"minecraft:diamond":1,"minecraft:golden_apple":1,"minecraft:iron_helmet":4,"minecraft:granite":19,"born_in_chaos_v1:rotten_fish":3,"minecraft:bread":5,"minecraft:emerald":2,"iceandfire:silver_nugget":30,"minecraft:coal":93},"minecraft:killed_by":{"born_in_chaos_v1:zombie_lumberjack":1,"enemyexpansion:huntsman":1,"minecraft:zombie":1,"enemyexpansion:invisicreeper":2,"born_in_chaos_v1:maggot":1},"minecraft:custom":{"minecraft:mob_kills":60,"minecraft:interact_with_crafting_table":28,"minecraft:open_barrel":5,"minecraft:damage_dealt_resisted":50,"minecraft:leave_game":1,"minecraft:time_since_death":1825,"minecraft:climb_one_cm":7781,"minecraft:sprint_one_cm":447402,"minecraft:walk_one_cm":449849,"minecraft:damage_blocked_by_shield":2979,"minecraft:drop":101,"minecraft:talked_to_villager":5,"minecraft:play_time":182439,"minecraft:sneak_time":4856,"minecraft:deaths":7,"minecraft:walk_under_water_one_cm":50159,"minecraft:jump":2254,"minecraft:interact_with_blast_furnace":1,"minecraft:walk_on_water_one_cm":89395,"minecraft:total_world_time":182439,"minecraft:interact_with_furnace":90,"minecraft:interact_with_cartography_table":1,"minecraft:interact_with_loom":2,"minecraft:sleep_in_bed":12,"minecraft:time_since_rest":1,"minecraft:damage_taken":4074,"minecraft:damage_absorbed":80,"minecraft:trigger_trapped_chest":4,"minecraft:damage_dealt":12998,"minecraft:swim_one_cm":73917,"minecraft:fly_one_cm":332108,"minecraft:open_chest":72,"minecraft:crouch_one_cm":14883,"tombstone:undead_killed":19,"minecraft:fall_one_cm":37604},"minecraft:mined":{"alexscaves:spelunkery_table":1,"minecraft:tuff":4,"minecraft:white_bed":1,"luminousworld:yellowpetunias":1,"minecraft:mossy_cobblestone":4,"minecraft:deepslate_diamond_ore":1,"minecraft:granite":19,"minecraft:acacia_log":19,"minecraft:grass_block":6,"luminousworld:whiteoakleaves":4,"minecraft:coal_block":24,"luminousworld:savanna_grass_2":18,"minecraft:hay_block":3,"minecraft:furnace":6,"minecraft:iron_ore":10,"minecraft:cobbled_deepslate":2,"minecraft:andesite":4,"minecraft:deepslate_lapis_ore":3,"minecraft:bookshelf":47,"minecraft:deepslate_iron_ore":2,"minecraft:vine":5,"minecraft:iron_bars":2,"minecraft:lantern":3,"minecraft:stone":293,"luminousworld:soft_birch_log":1,"luminousworld:savannah_soil":40,"minecraft:scaffolding":1,"quark:oak_chest":1,"minecraft:amethyst_cluster":4,"minecraft:crafting_table":4,"luminousworld:savannah_grass_1":10,"minecraft:emerald_ore":2,"iceandfire:ghost_chest":3,"minecraft:tall_grass":2,"minecraft:cobblestone":17,"minecraft:deepslate_gold_ore":20,"minecraft:lapis_ore":2,"minecraft:oak_planks":3,"minecraft:sugar_cane":1,"minecraft:diorite":11,"minecraft:wall_torch":2,"supplementaries:urn":8,"luminousworld:whiteoaklog":11,"minecraft:coarse_dirt":36,"minecraft:mud":1,"minecraft:birch_log":6,"minecraft:birch_leaves":2,"minecraft:yellow_bed":5,"minecraft:grass":4,"minecraft:oak_log":12,"minecraft:coal_ore":37,"iceandfire:silver_pile":9,"luminousworld:ishstone":9,"minecraft:gravel":7,"minecraft:dirt":11,"minecraft:cobweb":12,"minecraft:cracked_stone_bricks":1,"minecraft:gold_ore":40,"minecraft:stone_bricks":9,"luminousworld:elephant_grass":2,"luminousworld:savannah_grass_4":2,"minecraft:mossy_stone_bricks":1,"minecraft:oak_leaves":11,"minecraft:deepslate":50,"minecraft:fern":1}},"DataVersion":3465}