{"stats":{"minecraft:used":{"minecraft:diorite":2,"minecraft:leather_leggings":1,"minecraft:armor_stand":3,"minecraft:stone_pickaxe":23,"minecraft:oak_planks":2,"minecraft:leather_chestplate":1,"minecraft:leather_helmet":1,"minecraft:wooden_pickaxe":37,"minecraft:leather_boots":1,"luminousworld:savannah_soil":10,"minecraft:crafting_table":2,"minecraft:furnace":1,"tombstone:gift":2,"minecraft:yellow_bed":1,"minecraft:granite":2},"minecraft:custom":{"minecraft:time_since_rest":919,"minecraft:interact_with_furnace":4,"minecraft:sprint_one_cm":40252,"minecraft:damage_taken":388,"minecraft:walk_one_cm":26072,"minecraft:drop":1,"minecraft:damage_dealt":617,"minecraft:talked_to_villager":1,"minecraft:swim_one_cm":6902,"minecraft:interact_with_crafting_table":4,"minecraft:fly_one_cm":41922,"minecraft:open_chest":1,"minecraft:play_time":15951,"minecraft:deaths":1,"minecraft:sneak_time":8,"minecraft:walk_under_water_one_cm":1283,"minecraft:jump":219,"minecraft:walk_on_water_one_cm":2396,"minecraft:time_since_death":12144,"minecraft:sleep_in_bed":3,"minecraft:climb_one_cm":1685,"minecraft:total_world_time":15951,"minecraft:fall_one_cm":4619},"minecraft:crafted":{"minecraft:oak_planks":20,"minecraft:charcoal":5,"minecraft:crafting_table":3,"minecraft:stick":8,"minecraft:wooden_pickaxe":2,"minecraft:stone_pickaxe":1,"minecraft:furnace":1,"minecraft:acacia_planks":20,"minecraft:birch_planks":24,"minecraft:air":0},"minecraft:picked_up":{"minecraft:birch_log":6,"minecraft:scaffolding":1,"minecraft:leather_chestplate":3,"minecraft:crafting_table":1,"minecraft:leather_leggings":3,"minecraft:wooden_pickaxe":1,"minecraft:acacia_log":10,"minecraft:spruce_stairs":2,"luminousworld:savannah_soil":10,"minecraft:oak_log":5,"minecraft:diorite":2,"minecraft:yellow_bed":2,"quark:oak_chest":1,"minecraft:leather_helmet":3,"minecraft:lantern":3,"minecraft:brown_carpet":2,"minecraft:leather_boots":3,"minecraft:armor_stand":4,"minecraft:acacia_planks":16,"minecraft:granite":19,"minecraft:dark_oak_sign":2,"minecraft:oak_planks":5,"minecraft:coal_block":16,"minecraft:spruce_trapdoor":3,"minecraft:coal":1,"minecraft:cobblestone":12,"minecraft:furnace":1},"minecraft:mined":{"luminousworld:savannah_soil":10,"minecraft:furnace":1,"minecraft:birch_log":6,"minecraft:yellow_bed":2,"minecraft:crafting_table":1,"minecraft:granite":19,"minecraft:acacia_log":10,"minecraft:coal_ore":1,"minecraft:oak_log":5,"minecraft:lantern":1,"minecraft:coal_block":16,"minecraft:stone":12,"minecraft:diorite":2,"minecraft:oak_leaves":1},"minecraft:dropped":{"tombstone:grave_key":1}},"DataVersion":3465}