{"stats":{"minecraft:crafted":{"securitycraft:furnace_mine":1,"minecraft:oak_planks":36,"minecraft:coal":36,"minecraft:furnace":2,"minecraft:stone":124,"quark:acacia_chest":1,"minecraft:iron_axe":1,"luminousworld:white_oak_plank":44,"minecraft:stone_pickaxe":1,"minecraft:stone_bricks":124,"minecraft:wheat":27,"iceandfire:silver_ingot":3,"minecraft:crafting_table":4,"minecraft:wooden_pickaxe":2,"minecraft:birch_planks":24,"minecraft:bread":12,"minecraft:air":0,"minecraft:charcoal":5,"minecraft:shield":1,"minecraft:stick":44,"minecraft:iron_ingot":8,"minecraft:iron_pickaxe":1,"minecraft:wooden_axe":1,"minecraft:acacia_planks":52,"minecraft:torch":96,"iceandfire:silver_sword":1},"minecraft:dropped":{"minecraft:water_bucket":1,"minecraft:wheat_seeds":38,"minecraft:cobblestone":7,"minecraft:spruce_stairs":2,"minecraft:leather_helmet":4,"minecraft:stick":5,"minecraft:flint":2,"minecraft:dirt":18,"minecraft:torch":7,"tombstone:grave_key":1,"securitycraft:furnace_mine":1,"minecraft:fire_charge":1,"minecraft:chain":2,"minecraft:gold_nugget":48,"minecraft:acacia_planks":1,"quark:oak_chest":1,"minecraft:bone":24,"minecraft:furnace":2,"luminousworld:soft_birch_log":1,"minecraft:rotten_flesh":28,"minecraft:oak_planks":10,"minecraft:iron_boots":1,"minecraft:leather_chestplate":4,"iceandfire:ghost_chest":1,"minecraft:skeleton_skull":1,"iceandfire:silver_ingot":1,"minecraft:leather_boots":4,"minecraft:leather_leggings":11,"minecraft:wooden_pickaxe":2,"minecraft:scaffolding":2,"iceandfire:manuscript":24},"minecraft:broken":{"minecraft:wooden_axe":1},"minecraft:killed":{"minecraft:skeleton":1,"luminousworld:ringlet":1,"undead_revamp2:thebeartamer":1,"minecraft:creeper":1,"undead_revamp2:thesomnolence":3,"born_in_chaos_v1:dread_hound":1,"luminousworld:swamp_zombie":2,"iceandfire:ghost":4,"enemyexpansion:wasp":1},"minecraft:used":{"iceandfire:silver_sword":91,"minecraft:armor_stand":3,"minecraft:shield":15,"minecraft:iron_chestplate":1,"minecraft:torch":18,"minecraft:dirt":10,"minecraft:granite":7,"minecraft:wooden_axe":49,"minecraft:lantern":1,"minecraft:iron_axe":36,"iceandfire:ghost_chest":1,"minecraft:iron_helmet":1,"minecraft:iron_boots":1,"minecraft:stone_bricks":125,"minecraft:item_frame":2,"luminousworld:savannah_soil":26,"minecraft:furnace":6,"tombstone:gift":2,"minecraft:golden_axe":11,"minecraft:iron_leggings":1,"minecraft:water_bucket":21,"minecraft:diorite":2,"minecraft:leather_leggings":1,"minecraft:stone_pickaxe":33,"minecraft:oak_planks":3,"minecraft:leather_chestplate":1,"minecraft:wooden_pickaxe":52,"minecraft:leather_boots":1,"minecraft:crafting_table":6,"quark:acacia_chest":1,"minecraft:bread":30,"minecraft:iron_pickaxe":204,"minecraft:leather_helmet":1,"minecraft:cobblestone":8,"minecraft:bucket":23,"quark:oak_chest":2,"minecraft:yellow_bed":5,"minecraft:coarse_dirt":20,"minecraft:experience_bottle":1},"minecraft:picked_up":{"undead_revamp2:bostroxingot":1,"minecraft:coarse_dirt":36,"minecraft:crafting_table":3,"minecraft:iron_chestplate":3,"minecraft:wheat":11,"minecraft:leather_leggings":10,"minecraft:wooden_pickaxe":3,"minecraft:enchanted_book":2,"minecraft:chain":2,"iceandfire:manuscript":24,"minecraft:string":3,"minecraft:iron_leggings":3,"minecraft:armor_stand":9,"minecraft:item_frame":6,"minecraft:experience_bottle":1,"minecraft:gold_nugget":48,"minecraft:rose_bush":1,"minecraft:coal_block":24,"minecraft:spruce_trapdoor":3,"minecraft:furnace":8,"minecraft:iron_boots":5,"minecraft:stick":4,"minecraft:raw_iron":11,"iceandfire:ghost_chest":3,"minecraft:torch":7,"minecraft:acacia_log":18,"minecraft:spruce_stairs":2,"luminousworld:savannah_soil":29,"minecraft:diorite":2,"minecraft:brown_carpet":2,"minecraft:arrow":1,"minecraft:rotten_flesh":32,"luminousworld:soft_birch_log":1,"minecraft:hay_block":3,"minecraft:skeleton_skull":4,"minecraft:cobblestone":197,"minecraft:birch_log":6,"minecraft:leather_chestplate":5,"born_in_chaos_v1:monster_flesh":1,"minecraft:leather":4,"minecraft:flint":4,"minecraft:oak_log":9,"iceandfire:ectoplasm":5,"minecraft:yellow_bed":6,"minecraft:dirt":34,"minecraft:lantern":8,"minecraft:leather_boots":4,"minecraft:bone":26,"minecraft:acacia_planks":16,"minecraft:stone_bricks":1,"minecraft:bow":1,"minecraft:wheat_seeds":28,"minecraft:iron_ingot":4,"minecraft:cobweb":3,"minecraft:dark_oak_sign":2,"minecraft:oak_planks":18,"minecraft:book":138,"minecraft:scaffolding":2,"securitycraft:mine":1,"quark:oak_chest":3,"minecraft:leather_helmet":3,"luminousworld:whiteoaklog":11,"minecraft:iron_helmet":4,"minecraft:granite":19,"minecraft:emerald":2,"minecraft:bread":5,"iceandfire:silver_nugget":30,"minecraft:coal":35},"minecraft:killed_by":{"born_in_chaos_v1:zombie_lumberjack":1,"enemyexpansion:huntsman":1,"minecraft:zombie":1},"minecraft:custom":{"minecraft:mob_kills":21,"minecraft:interact_with_crafting_table":25,"minecraft:leave_game":1,"minecraft:time_since_death":44219,"minecraft:climb_one_cm":3961,"minecraft:sprint_one_cm":300091,"minecraft:walk_one_cm":282539,"minecraft:damage_blocked_by_shield":954,"minecraft:drop":72,"minecraft:talked_to_villager":5,"minecraft:play_time":119578,"minecraft:deaths":4,"minecraft:sneak_time":4006,"minecraft:walk_under_water_one_cm":34372,"minecraft:jump":1608,"minecraft:walk_on_water_one_cm":46720,"minecraft:total_world_time":119578,"minecraft:interact_with_furnace":87,"minecraft:interact_with_loom":1,"minecraft:sleep_in_bed":7,"minecraft:time_since_rest":42031,"minecraft:damage_taken":2308,"minecraft:trigger_trapped_chest":4,"minecraft:damage_dealt":5526,"minecraft:swim_one_cm":65196,"minecraft:fly_one_cm":238490,"minecraft:open_chest":53,"minecraft:crouch_one_cm":12502,"tombstone:undead_killed":8,"minecraft:fall_one_cm":27894},"minecraft:mined":{"luminousworld:yellowpetunias":1,"minecraft:mossy_cobblestone":4,"minecraft:granite":19,"minecraft:acacia_log":19,"minecraft:grass_block":6,"luminousworld:whiteoakleaves":4,"minecraft:coal_block":24,"luminousworld:savanna_grass_2":18,"minecraft:hay_block":3,"minecraft:furnace":6,"minecraft:iron_ore":10,"minecraft:bookshelf":46,"minecraft:vine":3,"minecraft:iron_bars":2,"minecraft:lantern":3,"minecraft:stone":140,"luminousworld:soft_birch_log":1,"luminousworld:savannah_soil":36,"minecraft:scaffolding":1,"quark:oak_chest":1,"minecraft:crafting_table":3,"luminousworld:savannah_grass_1":10,"minecraft:emerald_ore":2,"iceandfire:ghost_chest":3,"minecraft:tall_grass":2,"minecraft:cobblestone":2,"minecraft:sugar_cane":1,"minecraft:oak_planks":3,"minecraft:diorite":2,"luminousworld:whiteoaklog":11,"minecraft:coarse_dirt":36,"minecraft:mud":1,"minecraft:birch_log":6,"minecraft:birch_leaves":2,"minecraft:yellow_bed":5,"minecraft:grass":4,"iceandfire:silver_pile":9,"minecraft:oak_log":12,"minecraft:coal_ore":36,"minecraft:dirt":11,"minecraft:cracked_stone_bricks":1,"minecraft:stone_bricks":8,"luminousworld:elephant_grass":2,"luminousworld:savannah_grass_4":2,"minecraft:oak_leaves":11,"minecraft:fern":1}},"DataVersion":3465}